studies,workers,total_dicoms,stage,application_task,application_work_seconds,application_seconds_per_dicom,stage_work_seconds,stage_work_seconds_per_dicom,stage_wall_seconds,stage_wall_seconds_per_dicom,timing_log
10,1,1620,edge,edge_acquisition,12.0793,0.007456358024691358,93.74340000000001,0.057866296296296305,93.7874,0.05789345679012346,CaseStudyBoneTumore/resultsdicombydicom/10std/exp_w1/workflow_timing.log
10,1,1620,fog,fog_preprocessing,30.6884,0.018943456790123457,69.5633,0.04294030864197531,69.6255,0.042978703703703706,CaseStudyBoneTumore/resultsdicombydicom/10std/exp_w1/workflow_timing.log
10,1,1620,cloud,cloud_inference,109.7724,0.06776074074074075,123.3451,0.07613895061728396,123.4392,0.07619703703703704,CaseStudyBoneTumore/resultsdicombydicom/10std/exp_w1/workflow_timing.log
10,16,1620,edge,edge_acquisition,29.361800000000002,0.01812456790123457,95.62219999999999,0.05902604938271604,6.4445,0.003978086419753086,CaseStudyBoneTumore/resultsdicombydicom/10std/exp_w16/workflow_timing.log
10,16,1620,fog,fog_preprocessing,52.974500000000006,0.03270030864197531,119.5753,0.07381191358024691,7.7641,0.004792654320987654,CaseStudyBoneTumore/resultsdicombydicom/10std/exp_w16/workflow_timing.log
10,16,1620,cloud,cloud_inference,394.33630000000005,0.2434174691358025,412.08650000000006,0.2543743827160494,29.9601,0.01849388888888889,CaseStudyBoneTumore/resultsdicombydicom/10std/exp_w16/workflow_timing.log
10,2,1620,edge,edge_acquisition,14.438600000000001,0.008912716049382716,128.3634,0.07923666666666668,64.2806,0.039679382716049386,CaseStudyBoneTumore/resultsdicombydicom/10std/exp_w2/workflow_timing.log
10,2,1620,fog,fog_preprocessing,34.3424,0.02119901234567901,97.0778,0.059924567901234564,48.6493,0.03003043209876543,CaseStudyBoneTumore/resultsdicombydicom/10std/exp_w2/workflow_timing.log
10,2,1620,cloud,cloud_inference,124.8347,0.07705845679012345,138.3939,0.08542833333333333,69.278,0.042764197530864204,CaseStudyBoneTumore/resultsdicombydicom/10std/exp_w2/workflow_timing.log
10,32,1620,edge,edge_acquisition,38.25659999999999,0.02361518518518518,112.96169999999998,0.06972944444444443,3.665,0.0022623456790123457,CaseStudyBoneTumore/resultsdicombydicom/10std/exp_w32/workflow_timing.log
10,32,1620,fog,fog_preprocessing,92.8528,0.057316543209876544,224.6077,0.13864672839506173,7.28,0.004493827160493827,CaseStudyBoneTumore/resultsdicombydicom/10std/exp_w32/workflow_timing.log
10,32,1620,cloud,cloud_inference,523.2923,0.3230199382716049,557.0457,0.3438553703703704,25.6662,0.015843333333333334,CaseStudyBoneTumore/resultsdicombydicom/10std/exp_w32/workflow_timing.log
10,4,1620,edge,edge_acquisition,15.43,0.009524691358024692,63.1045,0.038953395061728395,15.8635,0.009792283950617283,CaseStudyBoneTumore/resultsdicombydicom/10std/exp_w4/workflow_timing.log
10,4,1620,fog,fog_preprocessing,94.8312,0.05853777777777777,251.5494,0.1552774074074074,64.4202,0.039765555555555554,CaseStudyBoneTumore/resultsdicombydicom/10std/exp_w4/workflow_timing.log
10,4,1620,cloud,cloud_inference,141.5582,0.0873816049382716,159.2089,0.0982770987654321,40.201,0.02481543209876543,CaseStudyBoneTumore/resultsdicombydicom/10std/exp_w4/workflow_timing.log
10,8,1620,edge,edge_acquisition,19.3613,0.01195141975308642,76.0458,0.04694185185185185,9.6459,0.005954259259259259,CaseStudyBoneTumore/resultsdicombydicom/10std/exp_w8/workflow_timing.log
10,8,1620,fog,fog_preprocessing,43.2952,0.026725432098765434,385.1047,0.23771895061728393,49.6838,0.030669012345679012,CaseStudyBoneTumore/resultsdicombydicom/10std/exp_w8/workflow_timing.log
10,8,1620,cloud,cloud_inference,179.4725,0.11078549382716049,225.386,0.13912716049382715,29.6719,0.01831598765432099,CaseStudyBoneTumore/resultsdicombydicom/10std/exp_w8/workflow_timing.log
1,1,162,edge,edge_acquisition,0.7098,0.004381481481481481,4.1668,0.02572098765432099,4.2068,0.025967901234567905,CaseStudyBoneTumore/resultsdicombydicom/1std/exp_w1/workflow_timing.log
1,1,162,fog,fog_preprocessing,4.1679,0.02572777777777778,8.5797,0.05296111111111112,8.646,0.053370370370370374,CaseStudyBoneTumore/resultsdicombydicom/1std/exp_w1/workflow_timing.log
1,1,162,cloud,cloud_inference,14.7405,0.09099074074074075,16.1967,0.09997962962962963,16.2931,0.10057469135802469,CaseStudyBoneTumore/resultsdicombydicom/1std/exp_w1/workflow_timing.log
1,16,162,edge,edge_acquisition,1.6505999999999998,0.010188888888888888,7.4231,0.0458216049382716,0.5812,0.0035876543209876544,CaseStudyBoneTumore/resultsdicombydicom/1std/exp_w16/workflow_timing.log
1,16,162,fog,fog_preprocessing,22.6134,0.13958888888888887,31.226499999999998,0.19275617283950616,2.2698,0.014011111111111111,CaseStudyBoneTumore/resultsdicombydicom/1std/exp_w16/workflow_timing.log
1,16,162,cloud,cloud_inference,100.8494,0.6225271604938272,103.2902,0.6375938271604938,7.2751,0.044908024691358024,CaseStudyBoneTumore/resultsdicombydicom/1std/exp_w16/workflow_timing.log
1,2,162,edge,edge_acquisition,0.9457,0.005837654320987654,3.6363000000000003,0.022446296296296298,1.8638,0.011504938271604937,CaseStudyBoneTumore/resultsdicombydicom/1std/exp_w2/workflow_timing.log
1,2,162,fog,fog_preprocessing,4.5567,0.02812777777777778,10.1136,0.06242962962962963,5.2234,0.03224320987654321,CaseStudyBoneTumore/resultsdicombydicom/1std/exp_w2/workflow_timing.log
1,2,162,cloud,cloud_inference,21.4009,0.13210432098765432,23.5666,0.14547283950617285,12.0853,0.07460061728395062,CaseStudyBoneTumore/resultsdicombydicom/1std/exp_w2/workflow_timing.log
1,32,162,edge,edge_acquisition,2.083400000000001,0.0128604938271605,9.310100000000002,0.057469753086419766,0.4311,0.002661111111111111,CaseStudyBoneTumore/resultsdicombydicom/1std/exp_w32/workflow_timing.log
1,32,162,fog,fog_preprocessing,46.3968,0.2864,56.1695,0.3467253086419753,2.2503,0.013890740740740742,CaseStudyBoneTumore/resultsdicombydicom/1std/exp_w32/workflow_timing.log
1,32,162,cloud,cloud_inference,188.1241,1.1612598765432098,195.743,1.20829012345679,7.579,0.04678395061728395,CaseStudyBoneTumore/resultsdicombydicom/1std/exp_w32/workflow_timing.log
1,4,162,edge,edge_acquisition,1.0384,0.0064098765432098765,4.0390999999999995,0.024932716049382714,1.069,0.006598765432098765,CaseStudyBoneTumore/resultsdicombydicom/1std/exp_w4/workflow_timing.log
1,4,162,fog,fog_preprocessing,6.995,0.043179012345679016,12.646600000000001,0.07806543209876544,3.2602,0.020124691358024693,CaseStudyBoneTumore/resultsdicombydicom/1std/exp_w4/workflow_timing.log
1,4,162,cloud,cloud_inference,34.0803,0.21037222222222224,36.1496,0.22314567901234567,9.2702,0.057223456790123466,CaseStudyBoneTumore/resultsdicombydicom/1std/exp_w4/workflow_timing.log
1,8,162,edge,edge_acquisition,1.2564,0.0077555555555555555,4.7214,0.029144444444444445,0.6579,0.004061111111111112,CaseStudyBoneTumore/resultsdicombydicom/1std/exp_w8/workflow_timing.log
1,8,162,fog,fog_preprocessing,12.501000000000001,0.07716666666666668,19.4606,0.12012716049382716,2.5443,0.015705555555555556,CaseStudyBoneTumore/resultsdicombydicom/1std/exp_w8/workflow_timing.log
1,8,162,cloud,cloud_inference,55.5405,0.3428425925925926,57.4536,0.3546518518518519,7.4452,0.045958024691358026,CaseStudyBoneTumore/resultsdicombydicom/1std/exp_w8/workflow_timing.log
20,1,3240,edge,edge_acquisition,73.1365,0.022572993827160492,183.3953,0.05660348765432099,183.4464,0.056619259259259265,CaseStudyBoneTumore/resultsdicombydicom/20std/exp_w1/workflow_timing.log
20,1,3240,fog,fog_preprocessing,62.4785,0.019283487654320988,144.5502,0.044614259259259256,144.6378,0.0446412962962963,CaseStudyBoneTumore/resultsdicombydicom/20std/exp_w1/workflow_timing.log
20,1,3240,cloud,cloud_inference,216.4133,0.06679422839506173,244.5486,0.07547796296296296,244.6623,0.07551305555555556,CaseStudyBoneTumore/resultsdicombydicom/20std/exp_w1/workflow_timing.log
20,16,3240,edge,edge_acquisition,51.488099999999996,0.01589138888888889,178.5203,0.055098858024691354,11.2883,0.0034840432098765433,CaseStudyBoneTumore/resultsdicombydicom/20std/exp_w16/workflow_timing.log
20,16,3240,fog,fog_preprocessing,265.50919999999996,0.08194728395061728,1016.6211,0.31377194444444445,67.6504,0.020879753086419754,CaseStudyBoneTumore/resultsdicombydicom/20std/exp_w16/workflow_timing.log
20,16,3240,cloud,cloud_inference,410.0562,0.12656055555555557,710.2941,0.21922657407407406,51.0505,0.015756327160493827,CaseStudyBoneTumore/resultsdicombydicom/20std/exp_w16/workflow_timing.log
20,2,3240,edge,edge_acquisition,18.416,0.005683950617283951,290.9221,0.08979077160493827,145.5951,0.04493675925925926,CaseStudyBoneTumore/resultsdicombydicom/20std/exp_w2/workflow_timing.log
20,2,3240,fog,fog_preprocessing,66.0082,0.020372901234567902,154.495,0.047683641975308645,77.3769,0.023881759259259262,CaseStudyBoneTumore/resultsdicombydicom/20std/exp_w2/workflow_timing.log
20,2,3240,cloud,cloud_inference,246.9801,0.07622842592592592,274.9205,0.08485200617283951,137.5765,0.042461882716049386,CaseStudyBoneTumore/resultsdicombydicom/20std/exp_w2/workflow_timing.log
20,32,3240,edge,edge_acquisition,73.36389999999999,0.022643179012345676,217.74249999999998,0.06720447530864197,6.962,0.002148765432098765,CaseStudyBoneTumore/resultsdicombydicom/20std/exp_w32/workflow_timing.log
20,32,3240,fog,fog_preprocessing,144.4335,0.044578240740740745,1285.6389,0.39680212962962963,41.9496,0.012947407407407406,CaseStudyBoneTumore/resultsdicombydicom/20std/exp_w32/workflow_timing.log
20,32,3240,cloud,cloud_inference,570.4292000000002,0.17605839506172843,841.5215000000002,0.2597288580246914,31.8508,0.009830493827160494,CaseStudyBoneTumore/resultsdicombydicom/20std/exp_w32/workflow_timing.log
20,4,3240,edge,edge_acquisition,9.5146,0.0029366049382716047,331.957,0.10245586419753086,83.2075,0.025681327160493827,CaseStudyBoneTumore/resultsdicombydicom/20std/exp_w4/workflow_timing.log
20,4,3240,fog,fog_preprocessing,120.57489999999999,0.03721447530864197,311.03819999999996,0.09599944444444443,78.2302,0.024145123456790124,CaseStudyBoneTumore/resultsdicombydicom/20std/exp_w4/workflow_timing.log
20,4,3240,cloud,cloud_inference,265.2098,0.08185487654320987,301.39509999999996,0.09302317901234566,75.6707,0.023355154320987653,CaseStudyBoneTumore/resultsdicombydicom/20std/exp_w4/workflow_timing.log
20,8,3240,edge,edge_acquisition,38.279,0.011814506172839507,402.8923,0.12434947530864197,51.194,0.01580061728395062,CaseStudyBoneTumore/resultsdicombydicom/20std/exp_w8/workflow_timing.log
20,8,3240,fog,fog_preprocessing,190.31510000000003,0.05873922839506174,505.7265,0.15608842592592592,64.1924,0.019812469135802473,CaseStudyBoneTumore/resultsdicombydicom/20std/exp_w8/workflow_timing.log
20,8,3240,cloud,cloud_inference,296.15810000000005,0.09140682098765433,439.02090000000004,0.1355002777777778,55.9331,0.017263302469135804,CaseStudyBoneTumore/resultsdicombydicom/20std/exp_w8/workflow_timing.log
30,1,4860,edge,edge_acquisition,171.5408,0.03529646090534979,344.5132,0.07088748971193415,356.5841,0.07337121399176955,CaseStudyBoneTumore/resultsdicombydicom/30std/exp_w1/workflow_timing.log
30,1,4860,fog,fog_preprocessing,92.499,0.019032716049382715,222.2286,0.04572604938271605,222.3304,0.04574699588477366,CaseStudyBoneTumore/resultsdicombydicom/30std/exp_w1/workflow_timing.log
30,1,4860,cloud,cloud_inference,320.9533,0.06603977366255144,361.4126,0.07436473251028806,361.5577,0.07439458847736626,CaseStudyBoneTumore/resultsdicombydicom/30std/exp_w1/workflow_timing.log
30,16,4860,edge,edge_acquisition,83.79210000000002,0.017241172839506175,627.4421,0.12910331275720163,42.5435,0.00875380658436214,CaseStudyBoneTumore/resultsdicombydicom/30std/exp_w16/workflow_timing.log
30,16,4860,fog,fog_preprocessing,378.6636000000001,0.07791432098765434,1653.3821,0.3402020781893004,124.5385,0.025625205761316872,CaseStudyBoneTumore/resultsdicombydicom/30std/exp_w16/workflow_timing.log
30,16,4860,cloud,cloud_inference,716.6946999999999,0.1474680452674897,842.637,0.1733820987654321,60.1681,0.012380267489711935,CaseStudyBoneTumore/resultsdicombydicom/30std/exp_w16/workflow_timing.log
30,2,4860,edge,edge_acquisition,149.9327,0.030850349794238684,526.3026,0.10829271604938272,263.6087,0.054240473251028806,CaseStudyBoneTumore/resultsdicombydicom/30std/exp_w2/workflow_timing.log
30,2,4860,fog,fog_preprocessing,119.20859999999999,0.024528518518518515,270.5108,0.055660658436214,135.4457,0.027869485596707818,CaseStudyBoneTumore/resultsdicombydicom/30std/exp_w2/workflow_timing.log
30,2,4860,cloud,cloud_inference,363.40189999999996,0.07477405349794237,407.5585,0.08385977366255144,203.9507,0.0419651646090535,CaseStudyBoneTumore/resultsdicombydicom/30std/exp_w2/workflow_timing.log
30,32,4860,edge,edge_acquisition,116.05860000000001,0.02388037037037037,335.5215,0.06903734567901235,10.6133,0.00218380658436214,CaseStudyBoneTumore/resultsdicombydicom/30std/exp_w32/workflow_timing.log
30,32,4860,fog,fog_preprocessing,618.1328000000001,0.12718781893004116,1851.8659,0.38104236625514404,60.654,0.012480246913580248,CaseStudyBoneTumore/resultsdicombydicom/30std/exp_w32/workflow_timing.log
30,32,4860,cloud,cloud_inference,859.6474000000001,0.17688218106995887,1912.2773000000002,0.3934726954732511,63.8098,0.013129588477366255,CaseStudyBoneTumore/resultsdicombydicom/30std/exp_w32/workflow_timing.log
30,4,4860,edge,edge_acquisition,46.07769999999999,0.009481008230452673,725.854,0.14935267489711934,181.8484,0.03741736625514403,CaseStudyBoneTumore/resultsdicombydicom/30std/exp_w4/workflow_timing.log
30,4,4860,fog,fog_preprocessing,143.613,0.02955,509.3759,0.10480985596707819,127.9438,0.02632588477366255,CaseStudyBoneTumore/resultsdicombydicom/30std/exp_w4/workflow_timing.log
30,4,4860,cloud,cloud_inference,393.5543,0.08097825102880658,453.9884,0.09341325102880658,114.1948,0.02349687242798354,CaseStudyBoneTumore/resultsdicombydicom/30std/exp_w4/workflow_timing.log
30,8,4860,edge,edge_acquisition,60.354600000000005,0.012418641975308642,881.4861000000001,0.18137574074074075,112.1854,0.023083415637860084,CaseStudyBoneTumore/resultsdicombydicom/30std/exp_w8/workflow_timing.log
30,8,4860,fog,fog_preprocessing,137.55319999999998,0.028303127572016456,986.478,0.202979012345679,126.5097,0.026030802469135802,CaseStudyBoneTumore/resultsdicombydicom/30std/exp_w8/workflow_timing.log
30,8,4860,cloud,cloud_inference,484.744,0.09974156378600824,635.9972,0.13086362139917695,82.2021,0.016914012345679012,CaseStudyBoneTumore/resultsdicombydicom/30std/exp_w8/workflow_timing.log
