studies,workers,total_dicoms,stage,task,task_count,task_work_seconds,task_work_seconds_per_dicom,mean_chunk_seconds,timing_log
10,1,1620,edge,compress_out,1,39.2079,0.02420240740740741,39.2079,CaseStudyBoneTumore/resultsdicombydicom/10std/exp_w1/workflow_timing.log
10,1,1620,edge,edge_acquisition,1,12.0793,0.007456358024691358,12.0793,CaseStudyBoneTumore/resultsdicombydicom/10std/exp_w1/workflow_timing.log
10,1,1620,edge,encode_out,1,27.8711,0.01720438271604938,27.8711,CaseStudyBoneTumore/resultsdicombydicom/10std/exp_w1/workflow_timing.log
10,1,1620,edge,encrypt_out,1,10.919,0.006740123456790124,10.919,CaseStudyBoneTumore/resultsdicombydicom/10std/exp_w1/workflow_timing.log
10,1,1620,edge,integrity_out,1,3.6661,0.002263024691358025,3.6661,CaseStudyBoneTumore/resultsdicombydicom/10std/exp_w1/workflow_timing.log
10,1,1620,fog,compress_out,1,3.1648,0.00195358024691358,3.1648,CaseStudyBoneTumore/resultsdicombydicom/10std/exp_w1/workflow_timing.log
10,1,1620,fog,decode_in,1,4.7963,0.0029606790123456786,4.7963,CaseStudyBoneTumore/resultsdicombydicom/10std/exp_w1/workflow_timing.log
10,1,1620,fog,decompress_in,1,3.4268,0.0021153086419753086,3.4268,CaseStudyBoneTumore/resultsdicombydicom/10std/exp_w1/workflow_timing.log
10,1,1620,fog,decrypt_in,1,3.1803,0.001963148148148148,3.1803,CaseStudyBoneTumore/resultsdicombydicom/10std/exp_w1/workflow_timing.log
10,1,1620,fog,encode_out,1,15.826,0.009769135802469136,15.826,CaseStudyBoneTumore/resultsdicombydicom/10std/exp_w1/workflow_timing.log
10,1,1620,fog,encrypt_out,1,3.8427,0.002372037037037037,3.8427,CaseStudyBoneTumore/resultsdicombydicom/10std/exp_w1/workflow_timing.log
10,1,1620,fog,fog_preprocessing,1,30.6884,0.018943456790123457,30.6884,CaseStudyBoneTumore/resultsdicombydicom/10std/exp_w1/workflow_timing.log
10,1,1620,fog,integrity_out,1,1.7337,0.0010701851851851853,1.7337,CaseStudyBoneTumore/resultsdicombydicom/10std/exp_w1/workflow_timing.log
10,1,1620,fog,verify_in,1,2.9043,0.001792777777777778,2.9043,CaseStudyBoneTumore/resultsdicombydicom/10std/exp_w1/workflow_timing.log
10,1,1620,cloud,cloud_inference,1,109.7724,0.06776074074074075,109.7724,CaseStudyBoneTumore/resultsdicombydicom/10std/exp_w1/workflow_timing.log
10,1,1620,cloud,decode_in,1,4.8004,0.0029632098765432096,4.8004,CaseStudyBoneTumore/resultsdicombydicom/10std/exp_w1/workflow_timing.log
10,1,1620,cloud,decompress_in,1,2.8019,0.0017295679012345679,2.8019,CaseStudyBoneTumore/resultsdicombydicom/10std/exp_w1/workflow_timing.log
10,1,1620,cloud,decrypt_in,1,4.2161,0.002602530864197531,4.2161,CaseStudyBoneTumore/resultsdicombydicom/10std/exp_w1/workflow_timing.log
10,1,1620,cloud,verify_in,1,1.7543,0.0010829012345679012,1.7543,CaseStudyBoneTumore/resultsdicombydicom/10std/exp_w1/workflow_timing.log
10,16,1620,edge,compress_out,16,10.6828,0.006594320987654321,0.667675,CaseStudyBoneTumore/resultsdicombydicom/10std/exp_w16/workflow_timing.log
10,16,1620,edge,edge_acquisition,16,29.361800000000002,0.01812456790123457,1.8351125000000001,CaseStudyBoneTumore/resultsdicombydicom/10std/exp_w16/workflow_timing.log
10,16,1620,edge,encode_out,16,40.2408,0.02484,2.51505,CaseStudyBoneTumore/resultsdicombydicom/10std/exp_w16/workflow_timing.log
10,16,1620,edge,encrypt_out,16,8.474799999999998,0.005231358024691357,0.5296749999999999,CaseStudyBoneTumore/resultsdicombydicom/10std/exp_w16/workflow_timing.log
10,16,1620,edge,integrity_out,16,6.861999999999998,0.004235802469135802,0.4288749999999999,CaseStudyBoneTumore/resultsdicombydicom/10std/exp_w16/workflow_timing.log
10,16,1620,fog,compress_out,16,4.053,0.002501851851851852,0.2533125,CaseStudyBoneTumore/resultsdicombydicom/10std/exp_w16/workflow_timing.log
10,16,1620,fog,decode_in,16,11.6198,0.007172716049382716,0.7262375,CaseStudyBoneTumore/resultsdicombydicom/10std/exp_w16/workflow_timing.log
10,16,1620,fog,decompress_in,16,8.6028,0.005310370370370371,0.537675,CaseStudyBoneTumore/resultsdicombydicom/10std/exp_w16/workflow_timing.log
10,16,1620,fog,decrypt_in,16,7.614499999999999,0.004700308641975308,0.4759062499999999,CaseStudyBoneTumore/resultsdicombydicom/10std/exp_w16/workflow_timing.log
10,16,1620,fog,encode_out,16,17.8765,0.011034876543209877,1.11728125,CaseStudyBoneTumore/resultsdicombydicom/10std/exp_w16/workflow_timing.log
10,16,1620,fog,encrypt_out,16,4.995900000000001,0.0030838888888888895,0.31224375000000004,CaseStudyBoneTumore/resultsdicombydicom/10std/exp_w16/workflow_timing.log
10,16,1620,fog,fog_preprocessing,16,52.974500000000006,0.03270030864197531,3.3109062500000004,CaseStudyBoneTumore/resultsdicombydicom/10std/exp_w16/workflow_timing.log
10,16,1620,fog,integrity_out,16,2.2182000000000004,0.0013692592592592595,0.13863750000000002,CaseStudyBoneTumore/resultsdicombydicom/10std/exp_w16/workflow_timing.log
10,16,1620,fog,verify_in,16,9.620099999999999,0.005938333333333333,0.6012562499999999,CaseStudyBoneTumore/resultsdicombydicom/10std/exp_w16/workflow_timing.log
10,16,1620,cloud,cloud_inference,16,394.33630000000005,0.2434174691358025,24.646018750000003,CaseStudyBoneTumore/resultsdicombydicom/10std/exp_w16/workflow_timing.log
10,16,1620,cloud,decode_in,16,6.7843,0.004187839506172839,0.42401875,CaseStudyBoneTumore/resultsdicombydicom/10std/exp_w16/workflow_timing.log
10,16,1620,cloud,decompress_in,16,3.5946,0.0022188888888888887,0.2246625,CaseStudyBoneTumore/resultsdicombydicom/10std/exp_w16/workflow_timing.log
10,16,1620,cloud,decrypt_in,16,5.212899999999999,0.003217839506172839,0.32580624999999996,CaseStudyBoneTumore/resultsdicombydicom/10std/exp_w16/workflow_timing.log
10,16,1620,cloud,verify_in,16,2.1583999999999994,0.0013323456790123452,0.13489999999999996,CaseStudyBoneTumore/resultsdicombydicom/10std/exp_w16/workflow_timing.log
10,2,1620,edge,compress_out,2,8.096,0.004997530864197531,4.048,CaseStudyBoneTumore/resultsdicombydicom/10std/exp_w2/workflow_timing.log
10,2,1620,edge,edge_acquisition,2,14.438600000000001,0.008912716049382716,7.2193000000000005,CaseStudyBoneTumore/resultsdicombydicom/10std/exp_w2/workflow_timing.log
10,2,1620,edge,encode_out,2,97.8026,0.060371975308641974,48.9013,CaseStudyBoneTumore/resultsdicombydicom/10std/exp_w2/workflow_timing.log
10,2,1620,edge,encrypt_out,2,3.3793,0.0020859876543209877,1.68965,CaseStudyBoneTumore/resultsdicombydicom/10std/exp_w2/workflow_timing.log
10,2,1620,edge,integrity_out,2,4.6469,0.0028684567901234564,2.32345,CaseStudyBoneTumore/resultsdicombydicom/10std/exp_w2/workflow_timing.log
10,2,1620,fog,compress_out,2,3.2312,0.001994567901234568,1.6156,CaseStudyBoneTumore/resultsdicombydicom/10std/exp_w2/workflow_timing.log
10,2,1620,fog,decode_in,2,17.0995,0.010555246913580247,8.54975,CaseStudyBoneTumore/resultsdicombydicom/10std/exp_w2/workflow_timing.log
10,2,1620,fog,decompress_in,2,5.8243,0.003595246913580247,2.91215,CaseStudyBoneTumore/resultsdicombydicom/10std/exp_w2/workflow_timing.log
10,2,1620,fog,decrypt_in,2,11.2129,0.006921543209876543,5.60645,CaseStudyBoneTumore/resultsdicombydicom/10std/exp_w2/workflow_timing.log
10,2,1620,fog,encode_out,2,16.4247,0.010138703703703705,8.21235,CaseStudyBoneTumore/resultsdicombydicom/10std/exp_w2/workflow_timing.log
10,2,1620,fog,encrypt_out,2,3.9105,0.0024138888888888886,1.95525,CaseStudyBoneTumore/resultsdicombydicom/10std/exp_w2/workflow_timing.log
10,2,1620,fog,fog_preprocessing,2,34.3424,0.02119901234567901,17.1712,CaseStudyBoneTumore/resultsdicombydicom/10std/exp_w2/workflow_timing.log
10,2,1620,fog,integrity_out,2,2.0265000000000004,0.0012509259259259262,1.0132500000000002,CaseStudyBoneTumore/resultsdicombydicom/10std/exp_w2/workflow_timing.log
10,2,1620,fog,verify_in,2,3.0058,0.001855432098765432,1.5029,CaseStudyBoneTumore/resultsdicombydicom/10std/exp_w2/workflow_timing.log
10,2,1620,cloud,cloud_inference,2,124.8347,0.07705845679012345,62.41735,CaseStudyBoneTumore/resultsdicombydicom/10std/exp_w2/workflow_timing.log
10,2,1620,cloud,decode_in,2,4.7696000000000005,0.002944197530864198,2.3848000000000003,CaseStudyBoneTumore/resultsdicombydicom/10std/exp_w2/workflow_timing.log
10,2,1620,cloud,decompress_in,2,2.7339,0.0016875925925925927,1.36695,CaseStudyBoneTumore/resultsdicombydicom/10std/exp_w2/workflow_timing.log
10,2,1620,cloud,decrypt_in,2,4.157,0.0025660493827160493,2.0785,CaseStudyBoneTumore/resultsdicombydicom/10std/exp_w2/workflow_timing.log
10,2,1620,cloud,verify_in,2,1.8987,0.001172037037037037,0.94935,CaseStudyBoneTumore/resultsdicombydicom/10std/exp_w2/workflow_timing.log
10,32,1620,edge,compress_out,32,12.6207,0.007790555555555555,0.394396875,CaseStudyBoneTumore/resultsdicombydicom/10std/exp_w32/workflow_timing.log
10,32,1620,edge,edge_acquisition,32,38.25659999999999,0.02361518518518518,1.1955187499999997,CaseStudyBoneTumore/resultsdicombydicom/10std/exp_w32/workflow_timing.log
10,32,1620,edge,encode_out,32,40.25989999999999,0.02485179012345678,1.2581218749999996,CaseStudyBoneTumore/resultsdicombydicom/10std/exp_w32/workflow_timing.log
10,32,1620,edge,encrypt_out,32,10.076899999999997,0.006220308641975306,0.3149031249999999,CaseStudyBoneTumore/resultsdicombydicom/10std/exp_w32/workflow_timing.log
10,32,1620,edge,integrity_out,32,11.747600000000002,0.007251604938271606,0.36711250000000006,CaseStudyBoneTumore/resultsdicombydicom/10std/exp_w32/workflow_timing.log
10,32,1620,fog,compress_out,32,10.802999999999999,0.006668518518518518,0.33759374999999997,CaseStudyBoneTumore/resultsdicombydicom/10std/exp_w32/workflow_timing.log
10,32,1620,fog,decode_in,32,19.0077,0.011733148148148149,0.593990625,CaseStudyBoneTumore/resultsdicombydicom/10std/exp_w32/workflow_timing.log
10,32,1620,fog,decompress_in,32,13.006499999999999,0.008028703703703703,0.40645312499999997,CaseStudyBoneTumore/resultsdicombydicom/10std/exp_w32/workflow_timing.log
10,32,1620,fog,decrypt_in,32,8.725,0.0053858024691358026,0.27265625,CaseStudyBoneTumore/resultsdicombydicom/10std/exp_w32/workflow_timing.log
10,32,1620,fog,encode_out,32,34.05809999999999,0.02102351851851851,1.0643156249999997,CaseStudyBoneTumore/resultsdicombydicom/10std/exp_w32/workflow_timing.log
10,32,1620,fog,encrypt_out,32,14.723500000000007,0.009088580246913584,0.4601093750000002,CaseStudyBoneTumore/resultsdicombydicom/10std/exp_w32/workflow_timing.log
10,32,1620,fog,fog_preprocessing,32,92.8528,0.057316543209876544,2.90165,CaseStudyBoneTumore/resultsdicombydicom/10std/exp_w32/workflow_timing.log
10,32,1620,fog,integrity_out,32,4.759200000000002,0.0029377777777777787,0.14872500000000005,CaseStudyBoneTumore/resultsdicombydicom/10std/exp_w32/workflow_timing.log
10,32,1620,fog,verify_in,32,26.671900000000004,0.016464135802469138,0.8334968750000001,CaseStudyBoneTumore/resultsdicombydicom/10std/exp_w32/workflow_timing.log
10,32,1620,cloud,cloud_inference,32,523.2923,0.3230199382716049,16.352884375,CaseStudyBoneTumore/resultsdicombydicom/10std/exp_w32/workflow_timing.log
10,32,1620,cloud,decode_in,32,15.149399999999998,0.00935148148148148,0.47341874999999994,CaseStudyBoneTumore/resultsdicombydicom/10std/exp_w32/workflow_timing.log
10,32,1620,cloud,decompress_in,32,6.6013,0.004074876543209876,0.206290625,CaseStudyBoneTumore/resultsdicombydicom/10std/exp_w32/workflow_timing.log
10,32,1620,cloud,decrypt_in,32,7.882600000000001,0.004865802469135803,0.24633125000000003,CaseStudyBoneTumore/resultsdicombydicom/10std/exp_w32/workflow_timing.log
10,32,1620,cloud,verify_in,32,4.120100000000001,0.002543271604938272,0.12875312500000002,CaseStudyBoneTumore/resultsdicombydicom/10std/exp_w32/workflow_timing.log
10,4,1620,edge,compress_out,4,11.0015,0.006791049382716049,2.750375,CaseStudyBoneTumore/resultsdicombydicom/10std/exp_w4/workflow_timing.log
10,4,1620,edge,edge_acquisition,4,15.43,0.009524691358024692,3.8575,CaseStudyBoneTumore/resultsdicombydicom/10std/exp_w4/workflow_timing.log
10,4,1620,edge,encode_out,4,24.3692,0.015042716049382716,6.0923,CaseStudyBoneTumore/resultsdicombydicom/10std/exp_w4/workflow_timing.log
10,4,1620,edge,encrypt_out,4,7.3956,0.004565185185185185,1.8489,CaseStudyBoneTumore/resultsdicombydicom/10std/exp_w4/workflow_timing.log
10,4,1620,edge,integrity_out,4,4.9082,0.003029753086419753,1.22705,CaseStudyBoneTumore/resultsdicombydicom/10std/exp_w4/workflow_timing.log
10,4,1620,fog,compress_out,4,11.799900000000001,0.007283888888888889,2.9499750000000002,CaseStudyBoneTumore/resultsdicombydicom/10std/exp_w4/workflow_timing.log
10,4,1620,fog,decode_in,4,5.257000000000001,0.003245061728395062,1.3142500000000001,CaseStudyBoneTumore/resultsdicombydicom/10std/exp_w4/workflow_timing.log
10,4,1620,fog,decompress_in,4,64.4485,0.03978302469135802,16.112125,CaseStudyBoneTumore/resultsdicombydicom/10std/exp_w4/workflow_timing.log
10,4,1620,fog,decrypt_in,4,3.7525,0.002316358024691358,0.938125,CaseStudyBoneTumore/resultsdicombydicom/10std/exp_w4/workflow_timing.log
10,4,1620,fog,encode_out,4,45.640299999999996,0.02817302469135802,11.410074999999999,CaseStudyBoneTumore/resultsdicombydicom/10std/exp_w4/workflow_timing.log
10,4,1620,fog,encrypt_out,4,20.8318,0.012859135802469137,5.20795,CaseStudyBoneTumore/resultsdicombydicom/10std/exp_w4/workflow_timing.log
10,4,1620,fog,fog_preprocessing,4,94.8312,0.05853777777777777,23.7078,CaseStudyBoneTumore/resultsdicombydicom/10std/exp_w4/workflow_timing.log
10,4,1620,fog,integrity_out,4,2.0298,0.0012529629629629629,0.50745,CaseStudyBoneTumore/resultsdicombydicom/10std/exp_w4/workflow_timing.log
10,4,1620,fog,verify_in,4,2.9584,0.001826172839506173,0.7396,CaseStudyBoneTumore/resultsdicombydicom/10std/exp_w4/workflow_timing.log
10,4,1620,cloud,cloud_inference,4,141.5582,0.0873816049382716,35.38955,CaseStudyBoneTumore/resultsdicombydicom/10std/exp_w4/workflow_timing.log
10,4,1620,cloud,decode_in,4,6.5502,0.004043333333333334,1.63755,CaseStudyBoneTumore/resultsdicombydicom/10std/exp_w4/workflow_timing.log
10,4,1620,cloud,decompress_in,4,3.7542,0.0023174074074074073,0.93855,CaseStudyBoneTumore/resultsdicombydicom/10std/exp_w4/workflow_timing.log
10,4,1620,cloud,decrypt_in,4,5.2187,0.0032214197530864197,1.304675,CaseStudyBoneTumore/resultsdicombydicom/10std/exp_w4/workflow_timing.log
10,4,1620,cloud,verify_in,4,2.1276,0.0013133333333333335,0.5319,CaseStudyBoneTumore/resultsdicombydicom/10std/exp_w4/workflow_timing.log
10,8,1620,edge,compress_out,8,7.6164000000000005,0.004701481481481482,0.9520500000000001,CaseStudyBoneTumore/resultsdicombydicom/10std/exp_w8/workflow_timing.log
10,8,1620,edge,edge_acquisition,8,19.3613,0.01195141975308642,2.4201625,CaseStudyBoneTumore/resultsdicombydicom/10std/exp_w8/workflow_timing.log
10,8,1620,edge,encode_out,8,36.0936,0.02228,4.5117,CaseStudyBoneTumore/resultsdicombydicom/10std/exp_w8/workflow_timing.log
10,8,1620,edge,encrypt_out,8,7.1137,0.0043911728395061725,0.8892125,CaseStudyBoneTumore/resultsdicombydicom/10std/exp_w8/workflow_timing.log
10,8,1620,edge,integrity_out,8,5.8608,0.003617777777777778,0.7326,CaseStudyBoneTumore/resultsdicombydicom/10std/exp_w8/workflow_timing.log
10,8,1620,fog,compress_out,8,70.8615,0.04374166666666667,8.8576875,CaseStudyBoneTumore/resultsdicombydicom/10std/exp_w8/workflow_timing.log
10,8,1620,fog,decode_in,8,8.2094,0.005067530864197531,1.026175,CaseStudyBoneTumore/resultsdicombydicom/10std/exp_w8/workflow_timing.log
10,8,1620,fog,decompress_in,8,5.989999999999999,0.0036975308641975305,0.7487499999999999,CaseStudyBoneTumore/resultsdicombydicom/10std/exp_w8/workflow_timing.log
10,8,1620,fog,decrypt_in,8,6.183799999999999,0.0038171604938271597,0.7729749999999999,CaseStudyBoneTumore/resultsdicombydicom/10std/exp_w8/workflow_timing.log
10,8,1620,fog,encode_out,8,104.3482,0.06441246913580247,13.043525,CaseStudyBoneTumore/resultsdicombydicom/10std/exp_w8/workflow_timing.log
10,8,1620,fog,encrypt_out,8,140.1136,0.08648987654320987,17.5142,CaseStudyBoneTumore/resultsdicombydicom/10std/exp_w8/workflow_timing.log
10,8,1620,fog,fog_preprocessing,8,43.2952,0.026725432098765434,5.4119,CaseStudyBoneTumore/resultsdicombydicom/10std/exp_w8/workflow_timing.log
10,8,1620,fog,integrity_out,8,2.0065,0.0012385802469135803,0.2508125,CaseStudyBoneTumore/resultsdicombydicom/10std/exp_w8/workflow_timing.log
10,8,1620,fog,verify_in,8,4.0965,0.0025287037037037036,0.5120625,CaseStudyBoneTumore/resultsdicombydicom/10std/exp_w8/workflow_timing.log
10,8,1620,cloud,cloud_inference,8,179.4725,0.11078549382716049,22.4340625,CaseStudyBoneTumore/resultsdicombydicom/10std/exp_w8/workflow_timing.log
10,8,1620,cloud,decode_in,8,20.8019,0.012840679012345679,2.6002375,CaseStudyBoneTumore/resultsdicombydicom/10std/exp_w8/workflow_timing.log
10,8,1620,cloud,decompress_in,8,9.5441,0.00589141975308642,1.1930125,CaseStudyBoneTumore/resultsdicombydicom/10std/exp_w8/workflow_timing.log
10,8,1620,cloud,decrypt_in,8,13.509900000000002,0.008339444444444446,1.6887375000000002,CaseStudyBoneTumore/resultsdicombydicom/10std/exp_w8/workflow_timing.log
10,8,1620,cloud,verify_in,8,2.0576,0.0012701234567901235,0.2572,CaseStudyBoneTumore/resultsdicombydicom/10std/exp_w8/workflow_timing.log
1,1,162,edge,compress_out,1,0.4457,0.0027512345679012347,0.4457,CaseStudyBoneTumore/resultsdicombydicom/1std/exp_w1/workflow_timing.log
1,1,162,edge,edge_acquisition,1,0.7098,0.004381481481481481,0.7098,CaseStudyBoneTumore/resultsdicombydicom/1std/exp_w1/workflow_timing.log
1,1,162,edge,encode_out,1,2.3891,0.014747530864197531,2.3891,CaseStudyBoneTumore/resultsdicombydicom/1std/exp_w1/workflow_timing.log
1,1,162,edge,encrypt_out,1,0.3093,0.0019092592592592594,0.3093,CaseStudyBoneTumore/resultsdicombydicom/1std/exp_w1/workflow_timing.log
1,1,162,edge,integrity_out,1,0.3129,0.0019314814814814815,0.3129,CaseStudyBoneTumore/resultsdicombydicom/1std/exp_w1/workflow_timing.log
1,1,162,fog,compress_out,1,0.362,0.0022345679012345677,0.362,CaseStudyBoneTumore/resultsdicombydicom/1std/exp_w1/workflow_timing.log
1,1,162,fog,decode_in,1,0.5442,0.0033592592592592593,0.5442,CaseStudyBoneTumore/resultsdicombydicom/1std/exp_w1/workflow_timing.log
1,1,162,fog,decompress_in,1,0.469,0.0028950617283950617,0.469,CaseStudyBoneTumore/resultsdicombydicom/1std/exp_w1/workflow_timing.log
1,1,162,fog,decrypt_in,1,0.4368,0.0026962962962962965,0.4368,CaseStudyBoneTumore/resultsdicombydicom/1std/exp_w1/workflow_timing.log
1,1,162,fog,encode_out,1,1.6205,0.010003086419753086,1.6205,CaseStudyBoneTumore/resultsdicombydicom/1std/exp_w1/workflow_timing.log
1,1,162,fog,encrypt_out,1,0.398,0.0024567901234567903,0.398,CaseStudyBoneTumore/resultsdicombydicom/1std/exp_w1/workflow_timing.log
1,1,162,fog,fog_preprocessing,1,4.1679,0.02572777777777778,4.1679,CaseStudyBoneTumore/resultsdicombydicom/1std/exp_w1/workflow_timing.log
1,1,162,fog,integrity_out,1,0.2546,0.0015716049382716048,0.2546,CaseStudyBoneTumore/resultsdicombydicom/1std/exp_w1/workflow_timing.log
1,1,162,fog,verify_in,1,0.3267,0.0020166666666666666,0.3267,CaseStudyBoneTumore/resultsdicombydicom/1std/exp_w1/workflow_timing.log
1,1,162,cloud,cloud_inference,1,14.7405,0.09099074074074075,14.7405,CaseStudyBoneTumore/resultsdicombydicom/1std/exp_w1/workflow_timing.log
1,1,162,cloud,decode_in,1,0.5238,0.0032333333333333337,0.5238,CaseStudyBoneTumore/resultsdicombydicom/1std/exp_w1/workflow_timing.log
1,1,162,cloud,decompress_in,1,0.2967,0.0018314814814814817,0.2967,CaseStudyBoneTumore/resultsdicombydicom/1std/exp_w1/workflow_timing.log
1,1,162,cloud,decrypt_in,1,0.4473,0.002761111111111111,0.4473,CaseStudyBoneTumore/resultsdicombydicom/1std/exp_w1/workflow_timing.log
1,1,162,cloud,verify_in,1,0.1884,0.001162962962962963,0.1884,CaseStudyBoneTumore/resultsdicombydicom/1std/exp_w1/workflow_timing.log
1,16,162,edge,compress_out,15,1.0818999999999999,0.006678395061728394,0.07212666666666666,CaseStudyBoneTumore/resultsdicombydicom/1std/exp_w16/workflow_timing.log
1,16,162,edge,edge_acquisition,15,1.6505999999999998,0.010188888888888888,0.11003999999999999,CaseStudyBoneTumore/resultsdicombydicom/1std/exp_w16/workflow_timing.log
1,16,162,edge,encode_out,15,3.4007,0.020991975308641976,0.22671333333333335,CaseStudyBoneTumore/resultsdicombydicom/1std/exp_w16/workflow_timing.log
1,16,162,edge,encrypt_out,15,0.8474000000000002,0.005230864197530865,0.05649333333333335,CaseStudyBoneTumore/resultsdicombydicom/1std/exp_w16/workflow_timing.log
1,16,162,edge,integrity_out,15,0.4425,0.0027314814814814814,0.029500000000000002,CaseStudyBoneTumore/resultsdicombydicom/1std/exp_w16/workflow_timing.log
1,16,162,fog,compress_out,15,0.41550000000000004,0.002564814814814815,0.027700000000000002,CaseStudyBoneTumore/resultsdicombydicom/1std/exp_w16/workflow_timing.log
1,16,162,fog,decode_in,15,1.2036000000000002,0.007429629629629631,0.08024000000000002,CaseStudyBoneTumore/resultsdicombydicom/1std/exp_w16/workflow_timing.log
1,16,162,fog,decompress_in,15,1.1413,0.007045061728395061,0.07608666666666666,CaseStudyBoneTumore/resultsdicombydicom/1std/exp_w16/workflow_timing.log
1,16,162,fog,decrypt_in,15,0.7643,0.004717901234567901,0.05095333333333333,CaseStudyBoneTumore/resultsdicombydicom/1std/exp_w16/workflow_timing.log
1,16,162,fog,encode_out,15,2.4444000000000004,0.015088888888888891,0.16296000000000002,CaseStudyBoneTumore/resultsdicombydicom/1std/exp_w16/workflow_timing.log
1,16,162,fog,encrypt_out,15,0.5113,0.0031561728395061725,0.03408666666666667,CaseStudyBoneTumore/resultsdicombydicom/1std/exp_w16/workflow_timing.log
1,16,162,fog,fog_preprocessing,15,22.6134,0.13958888888888887,1.50756,CaseStudyBoneTumore/resultsdicombydicom/1std/exp_w16/workflow_timing.log
1,16,162,fog,integrity_out,15,0.2994,0.0018481481481481482,0.01996,CaseStudyBoneTumore/resultsdicombydicom/1std/exp_w16/workflow_timing.log
1,16,162,fog,verify_in,15,1.8332999999999997,0.011316666666666664,0.12221999999999998,CaseStudyBoneTumore/resultsdicombydicom/1std/exp_w16/workflow_timing.log
1,16,162,cloud,cloud_inference,15,100.8494,0.6225271604938272,6.723293333333333,CaseStudyBoneTumore/resultsdicombydicom/1std/exp_w16/workflow_timing.log
1,16,162,cloud,decode_in,15,0.9142999999999999,0.005643827160493826,0.060953333333333325,CaseStudyBoneTumore/resultsdicombydicom/1std/exp_w16/workflow_timing.log
1,16,162,cloud,decompress_in,15,0.4256,0.0026271604938271605,0.02837333333333333,CaseStudyBoneTumore/resultsdicombydicom/1std/exp_w16/workflow_timing.log
1,16,162,cloud,decrypt_in,15,0.8833000000000001,0.00545246913580247,0.05888666666666667,CaseStudyBoneTumore/resultsdicombydicom/1std/exp_w16/workflow_timing.log
1,16,162,cloud,verify_in,15,0.2176,0.0013432098765432097,0.014506666666666666,CaseStudyBoneTumore/resultsdicombydicom/1std/exp_w16/workflow_timing.log
1,2,162,edge,compress_out,2,0.439,0.0027098765432098763,0.2195,CaseStudyBoneTumore/resultsdicombydicom/1std/exp_w2/workflow_timing.log
1,2,162,edge,edge_acquisition,2,0.9457,0.005837654320987654,0.47285,CaseStudyBoneTumore/resultsdicombydicom/1std/exp_w2/workflow_timing.log
1,2,162,edge,encode_out,2,1.5815000000000001,0.009762345679012347,0.7907500000000001,CaseStudyBoneTumore/resultsdicombydicom/1std/exp_w2/workflow_timing.log
1,2,162,edge,encrypt_out,2,0.354,0.002185185185185185,0.177,CaseStudyBoneTumore/resultsdicombydicom/1std/exp_w2/workflow_timing.log
1,2,162,edge,integrity_out,2,0.31610000000000005,0.0019512345679012348,0.15805000000000002,CaseStudyBoneTumore/resultsdicombydicom/1std/exp_w2/workflow_timing.log
1,2,162,fog,compress_out,2,0.4747,0.002930246913580247,0.23735,CaseStudyBoneTumore/resultsdicombydicom/1std/exp_w2/workflow_timing.log
1,2,162,fog,decode_in,2,0.5630999999999999,0.0034759259259259257,0.28154999999999997,CaseStudyBoneTumore/resultsdicombydicom/1std/exp_w2/workflow_timing.log
1,2,162,fog,decompress_in,2,0.6112,0.0037728395061728394,0.3056,CaseStudyBoneTumore/resultsdicombydicom/1std/exp_w2/workflow_timing.log
1,2,162,fog,decrypt_in,2,0.39139999999999997,0.0024160493827160494,0.19569999999999999,CaseStudyBoneTumore/resultsdicombydicom/1std/exp_w2/workflow_timing.log
1,2,162,fog,encode_out,2,2.3429,0.014462345679012348,1.17145,CaseStudyBoneTumore/resultsdicombydicom/1std/exp_w2/workflow_timing.log
1,2,162,fog,encrypt_out,2,0.563,0.0034753086419753083,0.2815,CaseStudyBoneTumore/resultsdicombydicom/1std/exp_w2/workflow_timing.log
1,2,162,fog,fog_preprocessing,2,4.5567,0.02812777777777778,2.27835,CaseStudyBoneTumore/resultsdicombydicom/1std/exp_w2/workflow_timing.log
1,2,162,fog,integrity_out,2,0.2447,0.0015104938271604939,0.12235,CaseStudyBoneTumore/resultsdicombydicom/1std/exp_w2/workflow_timing.log
1,2,162,fog,verify_in,2,0.3659,0.002258641975308642,0.18295,CaseStudyBoneTumore/resultsdicombydicom/1std/exp_w2/workflow_timing.log
1,2,162,cloud,cloud_inference,2,21.4009,0.13210432098765432,10.70045,CaseStudyBoneTumore/resultsdicombydicom/1std/exp_w2/workflow_timing.log
1,2,162,cloud,decode_in,2,0.788,0.004864197530864198,0.394,CaseStudyBoneTumore/resultsdicombydicom/1std/exp_w2/workflow_timing.log
1,2,162,cloud,decompress_in,2,0.48250000000000004,0.0029783950617283954,0.24125000000000002,CaseStudyBoneTumore/resultsdicombydicom/1std/exp_w2/workflow_timing.log
1,2,162,cloud,decrypt_in,2,0.6376,0.003935802469135802,0.3188,CaseStudyBoneTumore/resultsdicombydicom/1std/exp_w2/workflow_timing.log
1,2,162,cloud,verify_in,2,0.2576,0.0015901234567901234,0.1288,CaseStudyBoneTumore/resultsdicombydicom/1std/exp_w2/workflow_timing.log
1,32,162,edge,compress_out,27,1.0640999999999998,0.006568518518518518,0.039411111111111105,CaseStudyBoneTumore/resultsdicombydicom/1std/exp_w32/workflow_timing.log
1,32,162,edge,edge_acquisition,27,2.083400000000001,0.0128604938271605,0.077162962962963,CaseStudyBoneTumore/resultsdicombydicom/1std/exp_w32/workflow_timing.log
1,32,162,edge,encode_out,27,4.1787,0.025794444444444446,0.15476666666666666,CaseStudyBoneTumore/resultsdicombydicom/1std/exp_w32/workflow_timing.log
1,32,162,edge,encrypt_out,27,1.3262000000000003,0.008186419753086422,0.04911851851851853,CaseStudyBoneTumore/resultsdicombydicom/1std/exp_w32/workflow_timing.log
1,32,162,edge,integrity_out,27,0.6577,0.004059876543209876,0.024359259259259258,CaseStudyBoneTumore/resultsdicombydicom/1std/exp_w32/workflow_timing.log
1,32,162,fog,compress_out,27,0.45979999999999993,0.002838271604938271,0.017029629629629627,CaseStudyBoneTumore/resultsdicombydicom/1std/exp_w32/workflow_timing.log
1,32,162,fog,decode_in,27,3.6095999999999995,0.02228148148148148,0.13368888888888886,CaseStudyBoneTumore/resultsdicombydicom/1std/exp_w32/workflow_timing.log
1,32,162,fog,decompress_in,27,0.6957,0.0042944444444444445,0.025766666666666667,CaseStudyBoneTumore/resultsdicombydicom/1std/exp_w32/workflow_timing.log
1,32,162,fog,decrypt_in,27,0.9697,0.005985802469135802,0.035914814814814816,CaseStudyBoneTumore/resultsdicombydicom/1std/exp_w32/workflow_timing.log
1,32,162,fog,encode_out,27,2.5015999999999994,0.015441975308641972,0.09265185185185183,CaseStudyBoneTumore/resultsdicombydicom/1std/exp_w32/workflow_timing.log
1,32,162,fog,encrypt_out,27,0.6093000000000001,0.0037611111111111113,0.02256666666666667,CaseStudyBoneTumore/resultsdicombydicom/1std/exp_w32/workflow_timing.log
1,32,162,fog,fog_preprocessing,27,46.3968,0.2864,1.7184,CaseStudyBoneTumore/resultsdicombydicom/1std/exp_w32/workflow_timing.log
1,32,162,fog,integrity_out,27,0.34590000000000004,0.0021351851851851853,0.012811111111111113,CaseStudyBoneTumore/resultsdicombydicom/1std/exp_w32/workflow_timing.log
1,32,162,fog,verify_in,27,0.5811,0.0035870370370370366,0.02152222222222222,CaseStudyBoneTumore/resultsdicombydicom/1std/exp_w32/workflow_timing.log
1,32,162,cloud,cloud_inference,27,188.1241,1.1612598765432098,6.967559259259259,CaseStudyBoneTumore/resultsdicombydicom/1std/exp_w32/workflow_timing.log
1,32,162,cloud,decode_in,27,5.260799999999999,0.032474074074074065,0.1948444444444444,CaseStudyBoneTumore/resultsdicombydicom/1std/exp_w32/workflow_timing.log
1,32,162,cloud,decompress_in,27,0.6312,0.003896296296296296,0.02337777777777778,CaseStudyBoneTumore/resultsdicombydicom/1std/exp_w32/workflow_timing.log
1,32,162,cloud,decrypt_in,27,1.4195000000000002,0.008762345679012348,0.05257407407407408,CaseStudyBoneTumore/resultsdicombydicom/1std/exp_w32/workflow_timing.log
1,32,162,cloud,verify_in,27,0.30740000000000006,0.0018975308641975312,0.011385185185185187,CaseStudyBoneTumore/resultsdicombydicom/1std/exp_w32/workflow_timing.log
1,4,162,edge,compress_out,4,0.49910000000000004,0.0030808641975308645,0.12477500000000001,CaseStudyBoneTumore/resultsdicombydicom/1std/exp_w4/workflow_timing.log
1,4,162,edge,edge_acquisition,4,1.0384,0.0064098765432098765,0.2596,CaseStudyBoneTumore/resultsdicombydicom/1std/exp_w4/workflow_timing.log
1,4,162,edge,encode_out,4,1.6101999999999999,0.009939506172839506,0.40254999999999996,CaseStudyBoneTumore/resultsdicombydicom/1std/exp_w4/workflow_timing.log
1,4,162,edge,encrypt_out,4,0.34550000000000003,0.0021327160493827164,0.08637500000000001,CaseStudyBoneTumore/resultsdicombydicom/1std/exp_w4/workflow_timing.log
1,4,162,edge,integrity_out,4,0.5458999999999999,0.003369753086419753,0.13647499999999999,CaseStudyBoneTumore/resultsdicombydicom/1std/exp_w4/workflow_timing.log
1,4,162,fog,compress_out,4,0.3134,0.001934567901234568,0.07835,CaseStudyBoneTumore/resultsdicombydicom/1std/exp_w4/workflow_timing.log
1,4,162,fog,decode_in,4,0.6808000000000001,0.0042024691358024694,0.17020000000000002,CaseStudyBoneTumore/resultsdicombydicom/1std/exp_w4/workflow_timing.log
1,4,162,fog,decompress_in,4,0.6023000000000001,0.0037179012345679016,0.15057500000000001,CaseStudyBoneTumore/resultsdicombydicom/1std/exp_w4/workflow_timing.log
1,4,162,fog,decrypt_in,4,1.4828000000000001,0.009153086419753088,0.37070000000000003,CaseStudyBoneTumore/resultsdicombydicom/1std/exp_w4/workflow_timing.log
1,4,162,fog,encode_out,4,1.6511,0.010191975308641976,0.412775,CaseStudyBoneTumore/resultsdicombydicom/1std/exp_w4/workflow_timing.log
1,4,162,fog,encrypt_out,4,0.4295,0.0026512345679012344,0.107375,CaseStudyBoneTumore/resultsdicombydicom/1std/exp_w4/workflow_timing.log
1,4,162,fog,fog_preprocessing,4,6.995,0.043179012345679016,1.74875,CaseStudyBoneTumore/resultsdicombydicom/1std/exp_w4/workflow_timing.log
1,4,162,fog,integrity_out,4,0.20320000000000002,0.0012543209876543211,0.050800000000000005,CaseStudyBoneTumore/resultsdicombydicom/1std/exp_w4/workflow_timing.log
1,4,162,fog,verify_in,4,0.2885,0.0017808641975308641,0.072125,CaseStudyBoneTumore/resultsdicombydicom/1std/exp_w4/workflow_timing.log
1,4,162,cloud,cloud_inference,4,34.0803,0.21037222222222224,8.520075,CaseStudyBoneTumore/resultsdicombydicom/1std/exp_w4/workflow_timing.log
1,4,162,cloud,decode_in,4,0.6658,0.0041098765432098765,0.16645,CaseStudyBoneTumore/resultsdicombydicom/1std/exp_w4/workflow_timing.log
1,4,162,cloud,decompress_in,4,0.35640000000000005,0.0022,0.08910000000000001,CaseStudyBoneTumore/resultsdicombydicom/1std/exp_w4/workflow_timing.log
1,4,162,cloud,decrypt_in,4,0.8602,0.005309876543209876,0.21505,CaseStudyBoneTumore/resultsdicombydicom/1std/exp_w4/workflow_timing.log
1,4,162,cloud,verify_in,4,0.1869,0.0011537037037037037,0.046725,CaseStudyBoneTumore/resultsdicombydicom/1std/exp_w4/workflow_timing.log
1,8,162,edge,compress_out,8,0.7783000000000001,0.004804320987654322,0.09728750000000001,CaseStudyBoneTumore/resultsdicombydicom/1std/exp_w8/workflow_timing.log
1,8,162,edge,edge_acquisition,8,1.2564,0.0077555555555555555,0.15705,CaseStudyBoneTumore/resultsdicombydicom/1std/exp_w8/workflow_timing.log
1,8,162,edge,encode_out,8,1.6096000000000001,0.009935802469135804,0.20120000000000002,CaseStudyBoneTumore/resultsdicombydicom/1std/exp_w8/workflow_timing.log
1,8,162,edge,encrypt_out,8,0.6183,0.0038166666666666666,0.0772875,CaseStudyBoneTumore/resultsdicombydicom/1std/exp_w8/workflow_timing.log
1,8,162,edge,integrity_out,8,0.4588,0.0028320987654320987,0.05735,CaseStudyBoneTumore/resultsdicombydicom/1std/exp_w8/workflow_timing.log
1,8,162,fog,compress_out,8,0.3401,0.002099382716049383,0.0425125,CaseStudyBoneTumore/resultsdicombydicom/1std/exp_w8/workflow_timing.log
1,8,162,fog,decode_in,8,0.8591,0.005303086419753086,0.1073875,CaseStudyBoneTumore/resultsdicombydicom/1std/exp_w8/workflow_timing.log
1,8,162,fog,decompress_in,8,2.2620999999999998,0.01396358024691358,0.28276249999999997,CaseStudyBoneTumore/resultsdicombydicom/1std/exp_w8/workflow_timing.log
1,8,162,fog,decrypt_in,8,0.4887000000000001,0.003016666666666667,0.06108750000000001,CaseStudyBoneTumore/resultsdicombydicom/1std/exp_w8/workflow_timing.log
1,8,162,fog,encode_out,8,1.7033,0.010514197530864198,0.2129125,CaseStudyBoneTumore/resultsdicombydicom/1std/exp_w8/workflow_timing.log
1,8,162,fog,encrypt_out,8,0.4426,0.002732098765432099,0.055325,CaseStudyBoneTumore/resultsdicombydicom/1std/exp_w8/workflow_timing.log
1,8,162,fog,fog_preprocessing,8,12.501000000000001,0.07716666666666668,1.5626250000000002,CaseStudyBoneTumore/resultsdicombydicom/1std/exp_w8/workflow_timing.log
1,8,162,fog,integrity_out,8,0.30099999999999993,0.0018580246913580242,0.03762499999999999,CaseStudyBoneTumore/resultsdicombydicom/1std/exp_w8/workflow_timing.log
1,8,162,fog,verify_in,8,0.5627,0.0034734567901234564,0.0703375,CaseStudyBoneTumore/resultsdicombydicom/1std/exp_w8/workflow_timing.log
1,8,162,cloud,cloud_inference,8,55.5405,0.3428425925925926,6.9425625,CaseStudyBoneTumore/resultsdicombydicom/1std/exp_w8/workflow_timing.log
1,8,162,cloud,decode_in,8,0.6712,0.00414320987654321,0.0839,CaseStudyBoneTumore/resultsdicombydicom/1std/exp_w8/workflow_timing.log
1,8,162,cloud,decompress_in,8,0.3367,0.002078395061728395,0.0420875,CaseStudyBoneTumore/resultsdicombydicom/1std/exp_w8/workflow_timing.log
1,8,162,cloud,decrypt_in,8,0.7183999999999999,0.004434567901234567,0.08979999999999999,CaseStudyBoneTumore/resultsdicombydicom/1std/exp_w8/workflow_timing.log
1,8,162,cloud,verify_in,8,0.18680000000000002,0.0011530864197530865,0.023350000000000003,CaseStudyBoneTumore/resultsdicombydicom/1std/exp_w8/workflow_timing.log
20,1,3240,edge,compress_out,1,38.1124,0.011763086419753087,38.1124,CaseStudyBoneTumore/resultsdicombydicom/20std/exp_w1/workflow_timing.log
20,1,3240,edge,edge_acquisition,1,73.1365,0.022572993827160492,73.1365,CaseStudyBoneTumore/resultsdicombydicom/20std/exp_w1/workflow_timing.log
20,1,3240,edge,encode_out,1,41.3715,0.01276898148148148,41.3715,CaseStudyBoneTumore/resultsdicombydicom/20std/exp_w1/workflow_timing.log
20,1,3240,edge,encrypt_out,1,23.9639,0.007396265432098765,23.9639,CaseStudyBoneTumore/resultsdicombydicom/20std/exp_w1/workflow_timing.log
20,1,3240,edge,integrity_out,1,6.811,0.0021021604938271606,6.811,CaseStudyBoneTumore/resultsdicombydicom/20std/exp_w1/workflow_timing.log
20,1,3240,fog,compress_out,1,6.5236,0.002013456790123457,6.5236,CaseStudyBoneTumore/resultsdicombydicom/20std/exp_w1/workflow_timing.log
20,1,3240,fog,decode_in,1,9.9584,0.00307358024691358,9.9584,CaseStudyBoneTumore/resultsdicombydicom/20std/exp_w1/workflow_timing.log
20,1,3240,fog,decompress_in,1,7.6111,0.0023491049382716052,7.6111,CaseStudyBoneTumore/resultsdicombydicom/20std/exp_w1/workflow_timing.log
20,1,3240,fog,decrypt_in,1,6.6947,0.0020662654320987655,6.6947,CaseStudyBoneTumore/resultsdicombydicom/20std/exp_w1/workflow_timing.log
20,1,3240,fog,encode_out,1,33.5123,0.010343302469135804,33.5123,CaseStudyBoneTumore/resultsdicombydicom/20std/exp_w1/workflow_timing.log
20,1,3240,fog,encrypt_out,1,7.8994,0.0024380864197530864,7.8994,CaseStudyBoneTumore/resultsdicombydicom/20std/exp_w1/workflow_timing.log
20,1,3240,fog,fog_preprocessing,1,62.4785,0.019283487654320988,62.4785,CaseStudyBoneTumore/resultsdicombydicom/20std/exp_w1/workflow_timing.log
20,1,3240,fog,integrity_out,1,3.8347,0.0011835493827160495,3.8347,CaseStudyBoneTumore/resultsdicombydicom/20std/exp_w1/workflow_timing.log
20,1,3240,fog,verify_in,1,6.0375,0.0018634259259259257,6.0375,CaseStudyBoneTumore/resultsdicombydicom/20std/exp_w1/workflow_timing.log
20,1,3240,cloud,cloud_inference,1,216.4133,0.06679422839506173,216.4133,CaseStudyBoneTumore/resultsdicombydicom/20std/exp_w1/workflow_timing.log
20,1,3240,cloud,decode_in,1,9.9467,0.003069969135802469,9.9467,CaseStudyBoneTumore/resultsdicombydicom/20std/exp_w1/workflow_timing.log
20,1,3240,cloud,decompress_in,1,5.7999,0.0017900925925925927,5.7999,CaseStudyBoneTumore/resultsdicombydicom/20std/exp_w1/workflow_timing.log
20,1,3240,cloud,decrypt_in,1,8.5501,0.00263891975308642,8.5501,CaseStudyBoneTumore/resultsdicombydicom/20std/exp_w1/workflow_timing.log
20,1,3240,cloud,verify_in,1,3.8386,0.001184753086419753,3.8386,CaseStudyBoneTumore/resultsdicombydicom/20std/exp_w1/workflow_timing.log
20,16,3240,edge,compress_out,16,22.092899999999997,0.006818796296296295,1.3808062499999998,CaseStudyBoneTumore/resultsdicombydicom/20std/exp_w16/workflow_timing.log
20,16,3240,edge,edge_acquisition,16,51.488099999999996,0.01589138888888889,3.2180062499999997,CaseStudyBoneTumore/resultsdicombydicom/20std/exp_w16/workflow_timing.log
20,16,3240,edge,encode_out,16,74.5857,0.02302027777777778,4.66160625,CaseStudyBoneTumore/resultsdicombydicom/20std/exp_w16/workflow_timing.log
20,16,3240,edge,encrypt_out,16,17.3209,0.005345956790123457,1.08255625,CaseStudyBoneTumore/resultsdicombydicom/20std/exp_w16/workflow_timing.log
20,16,3240,edge,integrity_out,16,13.032700000000002,0.004022438271604939,0.8145437500000001,CaseStudyBoneTumore/resultsdicombydicom/20std/exp_w16/workflow_timing.log
20,16,3240,fog,compress_out,16,63.3639,0.01955675925925926,3.96024375,CaseStudyBoneTumore/resultsdicombydicom/20std/exp_w16/workflow_timing.log
20,16,3240,fog,decode_in,16,29.592200000000002,0.009133395061728396,1.8495125000000001,CaseStudyBoneTumore/resultsdicombydicom/20std/exp_w16/workflow_timing.log
20,16,3240,fog,decompress_in,16,302.1538,0.09325734567901234,18.8846125,CaseStudyBoneTumore/resultsdicombydicom/20std/exp_w16/workflow_timing.log
20,16,3240,fog,decrypt_in,16,13.0835,0.004038117283950617,0.81771875,CaseStudyBoneTumore/resultsdicombydicom/20std/exp_w16/workflow_timing.log
20,16,3240,fog,encode_out,16,196.4177,0.060622746913580244,12.27610625,CaseStudyBoneTumore/resultsdicombydicom/20std/exp_w16/workflow_timing.log
20,16,3240,fog,encrypt_out,16,135.10949999999997,0.04170046296296295,8.444343749999998,CaseStudyBoneTumore/resultsdicombydicom/20std/exp_w16/workflow_timing.log
20,16,3240,fog,fog_preprocessing,16,265.50919999999996,0.08194728395061728,16.594324999999998,CaseStudyBoneTumore/resultsdicombydicom/20std/exp_w16/workflow_timing.log
20,16,3240,fog,integrity_out,16,4.6148,0.001424320987654321,0.288425,CaseStudyBoneTumore/resultsdicombydicom/20std/exp_w16/workflow_timing.log
20,16,3240,fog,verify_in,16,6.776500000000001,0.0020915123456790126,0.4235312500000001,CaseStudyBoneTumore/resultsdicombydicom/20std/exp_w16/workflow_timing.log
20,16,3240,cloud,cloud_inference,16,410.0562,0.12656055555555557,25.6285125,CaseStudyBoneTumore/resultsdicombydicom/20std/exp_w16/workflow_timing.log
20,16,3240,cloud,decode_in,16,59.59249999999999,0.018392746913580244,3.724531249999999,CaseStudyBoneTumore/resultsdicombydicom/20std/exp_w16/workflow_timing.log
20,16,3240,cloud,decompress_in,16,121.27499999999999,0.03743055555555555,7.5796874999999995,CaseStudyBoneTumore/resultsdicombydicom/20std/exp_w16/workflow_timing.log
20,16,3240,cloud,decrypt_in,16,115.0437,0.03550731481481482,7.19023125,CaseStudyBoneTumore/resultsdicombydicom/20std/exp_w16/workflow_timing.log
20,16,3240,cloud,verify_in,16,4.3267,0.001335401234567901,0.27041875,CaseStudyBoneTumore/resultsdicombydicom/20std/exp_w16/workflow_timing.log
20,2,3240,edge,compress_out,2,113.21600000000001,0.034943209876543216,56.608000000000004,CaseStudyBoneTumore/resultsdicombydicom/20std/exp_w2/workflow_timing.log
20,2,3240,edge,edge_acquisition,2,18.416,0.005683950617283951,9.208,CaseStudyBoneTumore/resultsdicombydicom/20std/exp_w2/workflow_timing.log
20,2,3240,edge,encode_out,2,113.4236,0.03500728395061728,56.7118,CaseStudyBoneTumore/resultsdicombydicom/20std/exp_w2/workflow_timing.log
20,2,3240,edge,encrypt_out,2,35.044700000000006,0.010816265432098767,17.522350000000003,CaseStudyBoneTumore/resultsdicombydicom/20std/exp_w2/workflow_timing.log
20,2,3240,edge,integrity_out,2,10.8218,0.003340061728395062,5.4109,CaseStudyBoneTumore/resultsdicombydicom/20std/exp_w2/workflow_timing.log
20,2,3240,fog,compress_out,2,6.8037,0.0020999074074074075,3.40185,CaseStudyBoneTumore/resultsdicombydicom/20std/exp_w2/workflow_timing.log
20,2,3240,fog,decode_in,2,12.2106,0.0037687037037037034,6.1053,CaseStudyBoneTumore/resultsdicombydicom/20std/exp_w2/workflow_timing.log
20,2,3240,fog,decompress_in,2,8.1477,0.0025147222222222224,4.07385,CaseStudyBoneTumore/resultsdicombydicom/20std/exp_w2/workflow_timing.log
20,2,3240,fog,decrypt_in,2,7.4193,0.002289907407407407,3.70965,CaseStudyBoneTumore/resultsdicombydicom/20std/exp_w2/workflow_timing.log
20,2,3240,fog,encode_out,2,34.740899999999996,0.0107225,17.370449999999998,CaseStudyBoneTumore/resultsdicombydicom/20std/exp_w2/workflow_timing.log
20,2,3240,fog,encrypt_out,2,8.717600000000001,0.0026906172839506175,4.3588000000000005,CaseStudyBoneTumore/resultsdicombydicom/20std/exp_w2/workflow_timing.log
20,2,3240,fog,fog_preprocessing,2,66.0082,0.020372901234567902,33.0041,CaseStudyBoneTumore/resultsdicombydicom/20std/exp_w2/workflow_timing.log
20,2,3240,fog,integrity_out,2,3.9532,0.0012201234567901233,1.9766,CaseStudyBoneTumore/resultsdicombydicom/20std/exp_w2/workflow_timing.log
20,2,3240,fog,verify_in,2,6.4938,0.0020042592592592594,3.2469,CaseStudyBoneTumore/resultsdicombydicom/20std/exp_w2/workflow_timing.log
20,2,3240,cloud,cloud_inference,2,246.9801,0.07622842592592592,123.49005,CaseStudyBoneTumore/resultsdicombydicom/20std/exp_w2/workflow_timing.log
20,2,3240,cloud,decode_in,2,9.9363,0.003066759259259259,4.96815,CaseStudyBoneTumore/resultsdicombydicom/20std/exp_w2/workflow_timing.log
20,2,3240,cloud,decompress_in,2,5.686,0.0017549382716049384,2.843,CaseStudyBoneTumore/resultsdicombydicom/20std/exp_w2/workflow_timing.log
20,2,3240,cloud,decrypt_in,2,8.3585,0.0025797839506172837,4.17925,CaseStudyBoneTumore/resultsdicombydicom/20std/exp_w2/workflow_timing.log
20,2,3240,cloud,verify_in,2,3.9596,0.0012220987654320988,1.9798,CaseStudyBoneTumore/resultsdicombydicom/20std/exp_w2/workflow_timing.log
20,32,3240,edge,compress_out,32,23.504,0.007254320987654321,0.7345,CaseStudyBoneTumore/resultsdicombydicom/20std/exp_w32/workflow_timing.log
20,32,3240,edge,edge_acquisition,32,73.36389999999999,0.022643179012345676,2.2926218749999996,CaseStudyBoneTumore/resultsdicombydicom/20std/exp_w32/workflow_timing.log
20,32,3240,edge,encode_out,32,87.63339999999998,0.02704734567901234,2.7385437499999994,CaseStudyBoneTumore/resultsdicombydicom/20std/exp_w32/workflow_timing.log
20,32,3240,edge,encrypt_out,32,18.235799999999998,0.005628333333333332,0.5698687499999999,CaseStudyBoneTumore/resultsdicombydicom/20std/exp_w32/workflow_timing.log
20,32,3240,edge,integrity_out,32,15.0054,0.0046312962962962965,0.46891875,CaseStudyBoneTumore/resultsdicombydicom/20std/exp_w32/workflow_timing.log
20,32,3240,fog,compress_out,32,259.79429999999996,0.08018342592592591,8.118571874999999,CaseStudyBoneTumore/resultsdicombydicom/20std/exp_w32/workflow_timing.log
20,32,3240,fog,decode_in,32,38.1,0.01175925925925926,1.190625,CaseStudyBoneTumore/resultsdicombydicom/20std/exp_w32/workflow_timing.log
20,32,3240,fog,decompress_in,32,20.6739,0.006380833333333333,0.646059375,CaseStudyBoneTumore/resultsdicombydicom/20std/exp_w32/workflow_timing.log
20,32,3240,fog,decrypt_in,32,16.667900000000003,0.005144413580246914,0.5208718750000001,CaseStudyBoneTumore/resultsdicombydicom/20std/exp_w32/workflow_timing.log
20,32,3240,fog,encode_out,32,613.9001999999999,0.18947537037037035,19.184381249999998,CaseStudyBoneTumore/resultsdicombydicom/20std/exp_w32/workflow_timing.log
20,32,3240,fog,encrypt_out,32,169.1078,0.05219376543209876,5.28461875,CaseStudyBoneTumore/resultsdicombydicom/20std/exp_w32/workflow_timing.log
20,32,3240,fog,fog_preprocessing,32,144.4335,0.044578240740740745,4.513546875,CaseStudyBoneTumore/resultsdicombydicom/20std/exp_w32/workflow_timing.log
20,32,3240,fog,integrity_out,32,5.3439,0.0016493518518518517,0.166996875,CaseStudyBoneTumore/resultsdicombydicom/20std/exp_w32/workflow_timing.log
20,32,3240,fog,verify_in,32,17.6174,0.005437469135802469,0.55054375,CaseStudyBoneTumore/resultsdicombydicom/20std/exp_w32/workflow_timing.log
20,32,3240,cloud,cloud_inference,32,570.4292000000002,0.17605839506172843,17.825912500000005,CaseStudyBoneTumore/resultsdicombydicom/20std/exp_w32/workflow_timing.log
20,32,3240,cloud,decode_in,32,36.7856,0.01135358024691358,1.14955,CaseStudyBoneTumore/resultsdicombydicom/20std/exp_w32/workflow_timing.log
20,32,3240,cloud,decompress_in,32,185.80210000000002,0.057346327160493836,5.806315625000001,CaseStudyBoneTumore/resultsdicombydicom/20std/exp_w32/workflow_timing.log
20,32,3240,cloud,decrypt_in,32,44.0483,0.013595154320987653,1.376509375,CaseStudyBoneTumore/resultsdicombydicom/20std/exp_w32/workflow_timing.log
20,32,3240,cloud,verify_in,32,4.456300000000001,0.0013754012345679014,0.13925937500000002,CaseStudyBoneTumore/resultsdicombydicom/20std/exp_w32/workflow_timing.log
20,4,3240,edge,compress_out,4,19.8488,0.006126172839506173,4.9622,CaseStudyBoneTumore/resultsdicombydicom/20std/exp_w4/workflow_timing.log
20,4,3240,edge,edge_acquisition,4,9.5146,0.0029366049382716047,2.37865,CaseStudyBoneTumore/resultsdicombydicom/20std/exp_w4/workflow_timing.log
20,4,3240,edge,encode_out,4,273.5963,0.0844433024691358,68.399075,CaseStudyBoneTumore/resultsdicombydicom/20std/exp_w4/workflow_timing.log
20,4,3240,edge,encrypt_out,4,14.306099999999999,0.004415462962962963,3.5765249999999997,CaseStudyBoneTumore/resultsdicombydicom/20std/exp_w4/workflow_timing.log
20,4,3240,edge,integrity_out,4,14.691199999999998,0.004534320987654321,3.6727999999999996,CaseStudyBoneTumore/resultsdicombydicom/20std/exp_w4/workflow_timing.log
20,4,3240,fog,compress_out,4,8.9985,0.002777314814814815,2.249625,CaseStudyBoneTumore/resultsdicombydicom/20std/exp_w4/workflow_timing.log
20,4,3240,fog,decode_in,4,86.2295,0.026614043209876544,21.557375,CaseStudyBoneTumore/resultsdicombydicom/20std/exp_w4/workflow_timing.log
20,4,3240,fog,decompress_in,4,16.523699999999998,0.005099907407407407,4.1309249999999995,CaseStudyBoneTumore/resultsdicombydicom/20std/exp_w4/workflow_timing.log
20,4,3240,fog,decrypt_in,4,19.6034,0.006050432098765432,4.90085,CaseStudyBoneTumore/resultsdicombydicom/20std/exp_w4/workflow_timing.log
20,4,3240,fog,encode_out,4,37.6587,0.011623055555555557,9.414675,CaseStudyBoneTumore/resultsdicombydicom/20std/exp_w4/workflow_timing.log
20,4,3240,fog,encrypt_out,4,10.1638,0.0031369753086419754,2.54095,CaseStudyBoneTumore/resultsdicombydicom/20std/exp_w4/workflow_timing.log
20,4,3240,fog,fog_preprocessing,4,120.57489999999999,0.03721447530864197,30.143724999999996,CaseStudyBoneTumore/resultsdicombydicom/20std/exp_w4/workflow_timing.log
20,4,3240,fog,integrity_out,4,4.8462,0.0014957407407407406,1.21155,CaseStudyBoneTumore/resultsdicombydicom/20std/exp_w4/workflow_timing.log
20,4,3240,fog,verify_in,4,6.4395,0.0019875,1.609875,CaseStudyBoneTumore/resultsdicombydicom/20std/exp_w4/workflow_timing.log
20,4,3240,cloud,cloud_inference,4,265.2098,0.08185487654320987,66.30245,CaseStudyBoneTumore/resultsdicombydicom/20std/exp_w4/workflow_timing.log
20,4,3240,cloud,decode_in,4,12.3906,0.003824259259259259,3.09765,CaseStudyBoneTumore/resultsdicombydicom/20std/exp_w4/workflow_timing.log
20,4,3240,cloud,decompress_in,4,7.2292,0.0022312345679012346,1.8073,CaseStudyBoneTumore/resultsdicombydicom/20std/exp_w4/workflow_timing.log
20,4,3240,cloud,decrypt_in,4,11.9652,0.0036929629629629626,2.9913,CaseStudyBoneTumore/resultsdicombydicom/20std/exp_w4/workflow_timing.log
20,4,3240,cloud,verify_in,4,4.6003,0.0014198456790123456,1.150075,CaseStudyBoneTumore/resultsdicombydicom/20std/exp_w4/workflow_timing.log
20,8,3240,edge,compress_out,8,20.8983,0.006450092592592592,2.6122875,CaseStudyBoneTumore/resultsdicombydicom/20std/exp_w8/workflow_timing.log
20,8,3240,edge,edge_acquisition,8,38.279,0.011814506172839507,4.784875,CaseStudyBoneTumore/resultsdicombydicom/20std/exp_w8/workflow_timing.log
20,8,3240,edge,encode_out,8,314.71389999999997,0.09713391975308641,39.339237499999996,CaseStudyBoneTumore/resultsdicombydicom/20std/exp_w8/workflow_timing.log
20,8,3240,edge,encrypt_out,8,17.2954,0.005338086419753087,2.161925,CaseStudyBoneTumore/resultsdicombydicom/20std/exp_w8/workflow_timing.log
20,8,3240,edge,integrity_out,8,11.7057,0.0036128703703703705,1.4632125,CaseStudyBoneTumore/resultsdicombydicom/20std/exp_w8/workflow_timing.log
20,8,3240,fog,compress_out,8,21.020999999999997,0.006487962962962962,2.6276249999999997,CaseStudyBoneTumore/resultsdicombydicom/20std/exp_w8/workflow_timing.log
20,8,3240,fog,decode_in,8,145.33319999999998,0.04485592592592592,18.166649999999997,CaseStudyBoneTumore/resultsdicombydicom/20std/exp_w8/workflow_timing.log
20,8,3240,fog,decompress_in,8,27.25,0.008410493827160494,3.40625,CaseStudyBoneTumore/resultsdicombydicom/20std/exp_w8/workflow_timing.log
20,8,3240,fog,decrypt_in,8,36.4328,0.01124469135802469,4.5541,CaseStudyBoneTumore/resultsdicombydicom/20std/exp_w8/workflow_timing.log
20,8,3240,fog,encode_out,8,55.6332,0.01717074074074074,6.95415,CaseStudyBoneTumore/resultsdicombydicom/20std/exp_w8/workflow_timing.log
20,8,3240,fog,encrypt_out,8,18.854000000000003,0.005819135802469137,2.3567500000000003,CaseStudyBoneTumore/resultsdicombydicom/20std/exp_w8/workflow_timing.log
20,8,3240,fog,fog_preprocessing,8,190.31510000000003,0.05873922839506174,23.789387500000004,CaseStudyBoneTumore/resultsdicombydicom/20std/exp_w8/workflow_timing.log
20,8,3240,fog,integrity_out,8,4.011900000000001,0.001238240740740741,0.5014875000000001,CaseStudyBoneTumore/resultsdicombydicom/20std/exp_w8/workflow_timing.log
20,8,3240,fog,verify_in,8,6.875299999999999,0.002122006172839506,0.8594124999999999,CaseStudyBoneTumore/resultsdicombydicom/20std/exp_w8/workflow_timing.log
20,8,3240,cloud,cloud_inference,8,296.15810000000005,0.09140682098765433,37.019762500000006,CaseStudyBoneTumore/resultsdicombydicom/20std/exp_w8/workflow_timing.log
20,8,3240,cloud,decode_in,8,13.1722,0.004065493827160494,1.646525,CaseStudyBoneTumore/resultsdicombydicom/20std/exp_w8/workflow_timing.log
20,8,3240,cloud,decompress_in,8,92.46679999999999,0.028539135802469133,11.558349999999999,CaseStudyBoneTumore/resultsdicombydicom/20std/exp_w8/workflow_timing.log
20,8,3240,cloud,decrypt_in,8,33.004599999999996,0.010186604938271605,4.1255749999999995,CaseStudyBoneTumore/resultsdicombydicom/20std/exp_w8/workflow_timing.log
20,8,3240,cloud,verify_in,8,4.2192,0.0013022222222222222,0.5274,CaseStudyBoneTumore/resultsdicombydicom/20std/exp_w8/workflow_timing.log
30,1,4860,edge,compress_out,1,59.6927,0.012282448559670782,59.6927,CaseStudyBoneTumore/resultsdicombydicom/30std/exp_w1/workflow_timing.log
30,1,4860,edge,edge_acquisition,1,171.5408,0.03529646090534979,171.5408,CaseStudyBoneTumore/resultsdicombydicom/30std/exp_w1/workflow_timing.log
30,1,4860,edge,encode_out,1,80.8768,0.016641316872427984,80.8768,CaseStudyBoneTumore/resultsdicombydicom/30std/exp_w1/workflow_timing.log
30,1,4860,edge,encrypt_out,1,22.2992,0.004588312757201646,22.2992,CaseStudyBoneTumore/resultsdicombydicom/30std/exp_w1/workflow_timing.log
30,1,4860,edge,integrity_out,1,10.1037,0.0020789506172839505,10.1037,CaseStudyBoneTumore/resultsdicombydicom/30std/exp_w1/workflow_timing.log
30,1,4860,fog,compress_out,1,10.8634,0.002235267489711934,10.8634,CaseStudyBoneTumore/resultsdicombydicom/30std/exp_w1/workflow_timing.log
30,1,4860,fog,decode_in,1,18.5019,0.003806975308641975,18.5019,CaseStudyBoneTumore/resultsdicombydicom/30std/exp_w1/workflow_timing.log
30,1,4860,fog,decompress_in,1,10.4251,0.0021450823045267493,10.4251,CaseStudyBoneTumore/resultsdicombydicom/30std/exp_w1/workflow_timing.log
30,1,4860,fog,decrypt_in,1,9.7797,0.002012283950617284,9.7797,CaseStudyBoneTumore/resultsdicombydicom/30std/exp_w1/workflow_timing.log
30,1,4860,fog,encode_out,1,52.3148,0.010764362139917695,52.3148,CaseStudyBoneTumore/resultsdicombydicom/30std/exp_w1/workflow_timing.log
30,1,4860,fog,encrypt_out,1,13.4278,0.0027629218106995884,13.4278,CaseStudyBoneTumore/resultsdicombydicom/30std/exp_w1/workflow_timing.log
30,1,4860,fog,fog_preprocessing,1,92.499,0.019032716049382715,92.499,CaseStudyBoneTumore/resultsdicombydicom/30std/exp_w1/workflow_timing.log
30,1,4860,fog,integrity_out,1,5.7665,0.0011865226337448558,5.7665,CaseStudyBoneTumore/resultsdicombydicom/30std/exp_w1/workflow_timing.log
30,1,4860,fog,verify_in,1,8.6504,0.0017799176954732508,8.6504,CaseStudyBoneTumore/resultsdicombydicom/30std/exp_w1/workflow_timing.log
30,1,4860,cloud,cloud_inference,1,320.9533,0.06603977366255144,320.9533,CaseStudyBoneTumore/resultsdicombydicom/30std/exp_w1/workflow_timing.log
30,1,4860,cloud,decode_in,1,14.4609,0.002975493827160494,14.4609,CaseStudyBoneTumore/resultsdicombydicom/30std/exp_w1/workflow_timing.log
30,1,4860,cloud,decompress_in,1,8.5907,0.001767633744855967,8.5907,CaseStudyBoneTumore/resultsdicombydicom/30std/exp_w1/workflow_timing.log
30,1,4860,cloud,decrypt_in,1,12.369,0.0025450617283950617,12.369,CaseStudyBoneTumore/resultsdicombydicom/30std/exp_w1/workflow_timing.log
30,1,4860,cloud,verify_in,1,5.0387,0.0010367695473251029,5.0387,CaseStudyBoneTumore/resultsdicombydicom/30std/exp_w1/workflow_timing.log
30,16,4860,edge,compress_out,16,31.5558,0.006492962962962963,1.9722375,CaseStudyBoneTumore/resultsdicombydicom/30std/exp_w16/workflow_timing.log
30,16,4860,edge,edge_acquisition,16,83.79210000000002,0.017241172839506175,5.237006250000001,CaseStudyBoneTumore/resultsdicombydicom/30std/exp_w16/workflow_timing.log
30,16,4860,edge,encode_out,16,465.3263,0.09574615226337449,29.08289375,CaseStudyBoneTumore/resultsdicombydicom/30std/exp_w16/workflow_timing.log
30,16,4860,edge,encrypt_out,16,28.953000000000003,0.005957407407407408,1.8095625000000002,CaseStudyBoneTumore/resultsdicombydicom/30std/exp_w16/workflow_timing.log
30,16,4860,edge,integrity_out,16,17.8149,0.0036656172839506177,1.11343125,CaseStudyBoneTumore/resultsdicombydicom/30std/exp_w16/workflow_timing.log
30,16,4860,fog,compress_out,16,84.24610000000001,0.01733458847736626,5.265381250000001,CaseStudyBoneTumore/resultsdicombydicom/30std/exp_w16/workflow_timing.log
30,16,4860,fog,decode_in,16,313.1787,0.06444006172839506,19.57366875,CaseStudyBoneTumore/resultsdicombydicom/30std/exp_w16/workflow_timing.log
30,16,4860,fog,decompress_in,16,204.6291,0.042104753086419755,12.78931875,CaseStudyBoneTumore/resultsdicombydicom/30std/exp_w16/workflow_timing.log
30,16,4860,fog,decrypt_in,16,91.68140000000001,0.018864485596707822,5.730087500000001,CaseStudyBoneTumore/resultsdicombydicom/30std/exp_w16/workflow_timing.log
30,16,4860,fog,encode_out,16,478.483,0.09845329218106996,29.9051875,CaseStudyBoneTumore/resultsdicombydicom/30std/exp_w16/workflow_timing.log
30,16,4860,fog,encrypt_out,16,85.68820000000001,0.017631316872427985,5.355512500000001,CaseStudyBoneTumore/resultsdicombydicom/30std/exp_w16/workflow_timing.log
30,16,4860,fog,fog_preprocessing,16,378.6636000000001,0.07791432098765434,23.666475000000005,CaseStudyBoneTumore/resultsdicombydicom/30std/exp_w16/workflow_timing.log
30,16,4860,fog,integrity_out,16,7.693200000000001,0.001582962962962963,0.48082500000000006,CaseStudyBoneTumore/resultsdicombydicom/30std/exp_w16/workflow_timing.log
30,16,4860,fog,verify_in,16,9.118800000000002,0.0018762962962962967,0.5699250000000001,CaseStudyBoneTumore/resultsdicombydicom/30std/exp_w16/workflow_timing.log
30,16,4860,cloud,cloud_inference,16,716.6946999999999,0.1474680452674897,44.793418749999994,CaseStudyBoneTumore/resultsdicombydicom/30std/exp_w16/workflow_timing.log
30,16,4860,cloud,decode_in,16,61.7893,0.012713847736625514,3.86183125,CaseStudyBoneTumore/resultsdicombydicom/30std/exp_w16/workflow_timing.log
30,16,4860,cloud,decompress_in,16,32.0811,0.006601049382716049,2.00506875,CaseStudyBoneTumore/resultsdicombydicom/30std/exp_w16/workflow_timing.log
30,16,4860,cloud,decrypt_in,16,25.512299999999996,0.005249444444444444,1.5945187499999998,CaseStudyBoneTumore/resultsdicombydicom/30std/exp_w16/workflow_timing.log
30,16,4860,cloud,verify_in,16,6.5596000000000005,0.0013497119341563787,0.40997500000000003,CaseStudyBoneTumore/resultsdicombydicom/30std/exp_w16/workflow_timing.log
30,2,4860,edge,compress_out,2,166.6717,0.03429458847736625,83.33585,CaseStudyBoneTumore/resultsdicombydicom/30std/exp_w2/workflow_timing.log
30,2,4860,edge,edge_acquisition,2,149.9327,0.030850349794238684,74.96635,CaseStudyBoneTumore/resultsdicombydicom/30std/exp_w2/workflow_timing.log
30,2,4860,edge,encode_out,2,168.5639,0.034683930041152264,84.28195,CaseStudyBoneTumore/resultsdicombydicom/30std/exp_w2/workflow_timing.log
30,2,4860,edge,encrypt_out,2,32.0433,0.006593271604938272,16.02165,CaseStudyBoneTumore/resultsdicombydicom/30std/exp_w2/workflow_timing.log
30,2,4860,edge,integrity_out,2,9.091000000000001,0.001870576131687243,4.5455000000000005,CaseStudyBoneTumore/resultsdicombydicom/30std/exp_w2/workflow_timing.log
30,2,4860,fog,compress_out,2,17.1863,0.0035362757201646087,8.59315,CaseStudyBoneTumore/resultsdicombydicom/30std/exp_w2/workflow_timing.log
30,2,4860,fog,decode_in,2,15.467600000000001,0.003182633744855967,7.7338000000000005,CaseStudyBoneTumore/resultsdicombydicom/30std/exp_w2/workflow_timing.log
30,2,4860,fog,decompress_in,2,25.4816,0.005243127572016461,12.7408,CaseStudyBoneTumore/resultsdicombydicom/30std/exp_w2/workflow_timing.log
30,2,4860,fog,decrypt_in,2,10.5853,0.002178045267489712,5.29265,CaseStudyBoneTumore/resultsdicombydicom/30std/exp_w2/workflow_timing.log
30,2,4860,fog,encode_out,2,53.182500000000005,0.010942901234567903,26.591250000000002,CaseStudyBoneTumore/resultsdicombydicom/30std/exp_w2/workflow_timing.log
30,2,4860,fog,encrypt_out,2,14.8224,0.0030498765432098764,7.4112,CaseStudyBoneTumore/resultsdicombydicom/30std/exp_w2/workflow_timing.log
30,2,4860,fog,fog_preprocessing,2,119.20859999999999,0.024528518518518515,59.604299999999995,CaseStudyBoneTumore/resultsdicombydicom/30std/exp_w2/workflow_timing.log
30,2,4860,fog,integrity_out,2,5.8420000000000005,0.0012020576131687244,2.9210000000000003,CaseStudyBoneTumore/resultsdicombydicom/30std/exp_w2/workflow_timing.log
30,2,4860,fog,verify_in,2,8.7345,0.0017972222222222224,4.36725,CaseStudyBoneTumore/resultsdicombydicom/30std/exp_w2/workflow_timing.log
30,2,4860,cloud,cloud_inference,2,363.40189999999996,0.07477405349794237,181.70094999999998,CaseStudyBoneTumore/resultsdicombydicom/30std/exp_w2/workflow_timing.log
30,2,4860,cloud,decode_in,2,15.562,0.003202057613168724,7.781,CaseStudyBoneTumore/resultsdicombydicom/30std/exp_w2/workflow_timing.log
30,2,4860,cloud,decompress_in,2,9.9219,0.0020415432098765435,4.96095,CaseStudyBoneTumore/resultsdicombydicom/30std/exp_w2/workflow_timing.log
30,2,4860,cloud,decrypt_in,2,12.921,0.002658641975308642,6.4605,CaseStudyBoneTumore/resultsdicombydicom/30std/exp_w2/workflow_timing.log
30,2,4860,cloud,verify_in,2,5.7517,0.0011834773662551439,2.87585,CaseStudyBoneTumore/resultsdicombydicom/30std/exp_w2/workflow_timing.log
30,32,4860,edge,compress_out,32,40.6323,0.008360555555555555,1.269759375,CaseStudyBoneTumore/resultsdicombydicom/30std/exp_w32/workflow_timing.log
30,32,4860,edge,edge_acquisition,32,116.05860000000001,0.02388037037037037,3.6268312500000004,CaseStudyBoneTumore/resultsdicombydicom/30std/exp_w32/workflow_timing.log
30,32,4860,edge,encode_out,32,130.545,0.02686111111111111,4.07953125,CaseStudyBoneTumore/resultsdicombydicom/30std/exp_w32/workflow_timing.log
30,32,4860,edge,encrypt_out,32,25.1764,0.005180329218106996,0.7867625,CaseStudyBoneTumore/resultsdicombydicom/30std/exp_w32/workflow_timing.log
30,32,4860,edge,integrity_out,32,23.1092,0.004754979423868313,0.7221625,CaseStudyBoneTumore/resultsdicombydicom/30std/exp_w32/workflow_timing.log
30,32,4860,fog,compress_out,32,388.3984,0.07991736625514403,12.13745,CaseStudyBoneTumore/resultsdicombydicom/30std/exp_w32/workflow_timing.log
30,32,4860,fog,decode_in,32,67.70570000000001,0.013931213991769548,2.1158031250000002,CaseStudyBoneTumore/resultsdicombydicom/30std/exp_w32/workflow_timing.log
30,32,4860,fog,decompress_in,32,189.54789999999997,0.03900162551440329,5.923371874999999,CaseStudyBoneTumore/resultsdicombydicom/30std/exp_w32/workflow_timing.log
30,32,4860,fog,decrypt_in,32,29.173600000000008,0.006002798353909467,0.9116750000000002,CaseStudyBoneTumore/resultsdicombydicom/30std/exp_w32/workflow_timing.log
30,32,4860,fog,encode_out,32,301.3959,0.062015617283950615,9.418621875,CaseStudyBoneTumore/resultsdicombydicom/30std/exp_w32/workflow_timing.log
30,32,4860,fog,encrypt_out,32,231.44039999999995,0.04762148148148147,7.232512499999999,CaseStudyBoneTumore/resultsdicombydicom/30std/exp_w32/workflow_timing.log
30,32,4860,fog,fog_preprocessing,32,618.1328000000001,0.12718781893004116,19.316650000000003,CaseStudyBoneTumore/resultsdicombydicom/30std/exp_w32/workflow_timing.log
30,32,4860,fog,integrity_out,32,6.3497,0.0013065226337448561,0.198428125,CaseStudyBoneTumore/resultsdicombydicom/30std/exp_w32/workflow_timing.log
30,32,4860,fog,verify_in,32,19.721499999999992,0.004057921810699586,0.6162968749999997,CaseStudyBoneTumore/resultsdicombydicom/30std/exp_w32/workflow_timing.log
30,32,4860,cloud,cloud_inference,32,859.6474000000001,0.17688218106995887,26.863981250000002,CaseStudyBoneTumore/resultsdicombydicom/30std/exp_w32/workflow_timing.log
30,32,4860,cloud,decode_in,32,670.001,0.1378602880658436,20.93753125,CaseStudyBoneTumore/resultsdicombydicom/30std/exp_w32/workflow_timing.log
30,32,4860,cloud,decompress_in,32,105.385,0.021684156378600824,3.29328125,CaseStudyBoneTumore/resultsdicombydicom/30std/exp_w32/workflow_timing.log
30,32,4860,cloud,decrypt_in,32,268.30460000000005,0.05520670781893005,8.384518750000002,CaseStudyBoneTumore/resultsdicombydicom/30std/exp_w32/workflow_timing.log
30,32,4860,cloud,verify_in,32,8.939300000000001,0.0018393621399176957,0.27935312500000004,CaseStudyBoneTumore/resultsdicombydicom/30std/exp_w32/workflow_timing.log
30,4,4860,edge,compress_out,4,222.07639999999998,0.045694732510288064,55.519099999999995,CaseStudyBoneTumore/resultsdicombydicom/30std/exp_w4/workflow_timing.log
30,4,4860,edge,edge_acquisition,4,46.07769999999999,0.009481008230452673,11.519424999999998,CaseStudyBoneTumore/resultsdicombydicom/30std/exp_w4/workflow_timing.log
30,4,4860,edge,encode_out,4,285.7259,0.058791337448559675,71.431475,CaseStudyBoneTumore/resultsdicombydicom/30std/exp_w4/workflow_timing.log
30,4,4860,edge,encrypt_out,4,156.9607,0.03229644032921811,39.240175,CaseStudyBoneTumore/resultsdicombydicom/30std/exp_w4/workflow_timing.log
30,4,4860,edge,integrity_out,4,15.013300000000001,0.0030891563786008235,3.7533250000000002,CaseStudyBoneTumore/resultsdicombydicom/30std/exp_w4/workflow_timing.log
30,4,4860,fog,compress_out,4,9.8194,0.0020204526748971194,2.45485,CaseStudyBoneTumore/resultsdicombydicom/30std/exp_w4/workflow_timing.log
30,4,4860,fog,decode_in,4,51.153800000000004,0.010525473251028808,12.788450000000001,CaseStudyBoneTumore/resultsdicombydicom/30std/exp_w4/workflow_timing.log
30,4,4860,fog,decompress_in,4,75.8879,0.015614794238683128,18.971975,CaseStudyBoneTumore/resultsdicombydicom/30std/exp_w4/workflow_timing.log
30,4,4860,fog,decrypt_in,4,74.88929999999999,0.01540932098765432,18.722324999999998,CaseStudyBoneTumore/resultsdicombydicom/30std/exp_w4/workflow_timing.log
30,4,4860,fog,encode_out,4,126.9642,0.026124320987654322,31.74105,CaseStudyBoneTumore/resultsdicombydicom/30std/exp_w4/workflow_timing.log
30,4,4860,fog,encrypt_out,4,11.8053,0.0024290740740740744,2.951325,CaseStudyBoneTumore/resultsdicombydicom/30std/exp_w4/workflow_timing.log
30,4,4860,fog,fog_preprocessing,4,143.613,0.02955,35.90325,CaseStudyBoneTumore/resultsdicombydicom/30std/exp_w4/workflow_timing.log
30,4,4860,fog,integrity_out,4,6.1644,0.001268395061728395,1.5411,CaseStudyBoneTumore/resultsdicombydicom/30std/exp_w4/workflow_timing.log
30,4,4860,fog,verify_in,4,9.0786,0.0018680246913580247,2.26965,CaseStudyBoneTumore/resultsdicombydicom/30std/exp_w4/workflow_timing.log
30,4,4860,cloud,cloud_inference,4,393.5543,0.08097825102880658,98.388575,CaseStudyBoneTumore/resultsdicombydicom/30std/exp_w4/workflow_timing.log
30,4,4860,cloud,decode_in,4,18.2726,0.003759794238683128,4.56815,CaseStudyBoneTumore/resultsdicombydicom/30std/exp_w4/workflow_timing.log
30,4,4860,cloud,decompress_in,4,15.8547,0.0032622839506172836,3.963675,CaseStudyBoneTumore/resultsdicombydicom/30std/exp_w4/workflow_timing.log
30,4,4860,cloud,decrypt_in,4,20.371000000000002,0.004191563786008231,5.0927500000000006,CaseStudyBoneTumore/resultsdicombydicom/30std/exp_w4/workflow_timing.log
30,4,4860,cloud,verify_in,4,5.9358,0.0012213580246913582,1.48395,CaseStudyBoneTumore/resultsdicombydicom/30std/exp_w4/workflow_timing.log
30,8,4860,edge,compress_out,8,28.360999999999997,0.0058355967078189295,3.5451249999999996,CaseStudyBoneTumore/resultsdicombydicom/30std/exp_w8/workflow_timing.log
30,8,4860,edge,edge_acquisition,8,60.354600000000005,0.012418641975308642,7.544325000000001,CaseStudyBoneTumore/resultsdicombydicom/30std/exp_w8/workflow_timing.log
30,8,4860,edge,encode_out,8,596.1364000000001,0.1226618106995885,74.51705000000001,CaseStudyBoneTumore/resultsdicombydicom/30std/exp_w8/workflow_timing.log
30,8,4860,edge,encrypt_out,8,177.64139999999998,0.036551728395061725,22.205174999999997,CaseStudyBoneTumore/resultsdicombydicom/30std/exp_w8/workflow_timing.log
30,8,4860,edge,integrity_out,8,18.9927,0.003907962962962963,2.3740875,CaseStudyBoneTumore/resultsdicombydicom/30std/exp_w8/workflow_timing.log
30,8,4860,fog,compress_out,8,42.432,0.008730864197530865,5.304,CaseStudyBoneTumore/resultsdicombydicom/30std/exp_w8/workflow_timing.log
30,8,4860,fog,decode_in,8,146.9419,0.030234958847736627,18.3677375,CaseStudyBoneTumore/resultsdicombydicom/30std/exp_w8/workflow_timing.log
30,8,4860,fog,decompress_in,8,204.46269999999998,0.04207051440329218,25.557837499999998,CaseStudyBoneTumore/resultsdicombydicom/30std/exp_w8/workflow_timing.log
30,8,4860,fog,decrypt_in,8,74.28,0.01528395061728395,9.285,CaseStudyBoneTumore/resultsdicombydicom/30std/exp_w8/workflow_timing.log
30,8,4860,fog,encode_out,8,299.8251,0.06169240740740741,37.4781375,CaseStudyBoneTumore/resultsdicombydicom/30std/exp_w8/workflow_timing.log
30,8,4860,fog,encrypt_out,8,64.2273,0.013215493827160493,8.0284125,CaseStudyBoneTumore/resultsdicombydicom/30std/exp_w8/workflow_timing.log
30,8,4860,fog,fog_preprocessing,8,137.55319999999998,0.028303127572016456,17.194149999999997,CaseStudyBoneTumore/resultsdicombydicom/30std/exp_w8/workflow_timing.log
30,8,4860,fog,integrity_out,8,6.886500000000001,0.0014169753086419755,0.8608125000000001,CaseStudyBoneTumore/resultsdicombydicom/30std/exp_w8/workflow_timing.log
30,8,4860,fog,verify_in,8,9.8693,0.0020307201646090536,1.2336625,CaseStudyBoneTumore/resultsdicombydicom/30std/exp_w8/workflow_timing.log
30,8,4860,cloud,cloud_inference,8,484.744,0.09974156378600824,60.593,CaseStudyBoneTumore/resultsdicombydicom/30std/exp_w8/workflow_timing.log
30,8,4860,cloud,decode_in,8,30.0197,0.0061768930041152265,3.7524625,CaseStudyBoneTumore/resultsdicombydicom/30std/exp_w8/workflow_timing.log
30,8,4860,cloud,decompress_in,8,62.2582,0.012810329218106997,7.782275,CaseStudyBoneTumore/resultsdicombydicom/30std/exp_w8/workflow_timing.log
30,8,4860,cloud,decrypt_in,8,53.0398,0.010913539094650206,6.629975,CaseStudyBoneTumore/resultsdicombydicom/30std/exp_w8/workflow_timing.log
30,8,4860,cloud,verify_in,8,5.935499999999999,0.001221296296296296,0.7419374999999999,CaseStudyBoneTumore/resultsdicombydicom/30std/exp_w8/workflow_timing.log
